"Calendar year","ABS remoteness area","Age group","Sex","Road user","Hospitalisations"
2011,"Major Cities","0-7","Female","Car",78
2011,"Major Cities","0-7","Female","Heavy transport vehicle",1
2011,"Major Cities","0-7","Female","Motorcyclist",4
2011,"Major Cities","0-7","Female","Other",39
2011,"Major Cities","0-7","Female","Pedal cyclist",37
2011,"Major Cities","0-7","Male","Car",73
2011,"Major Cities","0-7","Male","Motorcyclist",6
2011,"Major Cities","0-7","Male","Other",77
2011,"Major Cities","0-7","Male","Pedal cyclist",87
2011,"Major Cities","17-25","Female","Car",1271
2011,"Major Cities","17-25","Female","Heavy transport vehicle",2
2011,"Major Cities","17-25","Female","Motorcyclist",105
2011,"Major Cities","17-25","Female","Other",161
2011,"Major Cities","17-25","Female","Pedal cyclist",81
2011,"Major Cities","17-25","Male","Car",1464
2011,"Major Cities","17-25","Male","Heavy transport vehicle",24
2011,"Major Cities","17-25","Male","Motorcyclist",1078
2011,"Major Cities","17-25","Male","Other",279
2011,"Major Cities","17-25","Male","Pedal cyclist",396
2011,"Major Cities","26-39","Female","Car",1224
2011,"Major Cities","26-39","Female","Heavy transport vehicle",3
2011,"Major Cities","26-39","Female","Motorcyclist",127
2011,"Major Cities","26-39","Female","Other",130
2011,"Major Cities","26-39","Female","Pedal cyclist",224
2011,"Major Cities","26-39","Male","Car",1288
2011,"Major Cities","26-39","Male","Heavy transport vehicle",67
2011,"Major Cities","26-39","Male","Motorcyclist",1284
2011,"Major Cities","26-39","Male","Other",276
2011,"Major Cities","26-39","Male","Pedal cyclist",842
2011,"Major Cities","40-64","Female","Car",1636
2011,"Major Cities","40-64","Female","Heavy transport vehicle",10
2011,"Major Cities","40-64","Female","Motorcyclist",172
2011,"Major Cities","40-64","Female","Other",231
2011,"Major Cities","40-64","Female","Pedal cyclist",345
2011,"Major Cities","40-64","Male","Car",1380
2011,"Major Cities","40-64","Male","Heavy transport vehicle",134
2011,"Major Cities","40-64","Male","Motorcyclist",1428
2011,"Major Cities","40-64","Male","Other",295
2011,"Major Cities","40-64","Male","Pedal cyclist",1247
2011,"Major Cities","65-74","Female","Car",422
2011,"Major Cities","65-74","Female","Heavy transport vehicle",2
2011,"Major Cities","65-74","Female","Motorcyclist",8
2011,"Major Cities","65-74","Female","Other",131
2011,"Major Cities","65-74","Female","Pedal cyclist",33
2011,"Major Cities","65-74","Male","Car",338
2011,"Major Cities","65-74","Male","Heavy transport vehicle",8
2011,"Major Cities","65-74","Male","Motorcyclist",80
2011,"Major Cities","65-74","Male","Other",83
2011,"Major Cities","65-74","Male","Pedal cyclist",133
2011,"Major Cities","75+","Female","Car",479
2011,"Major Cities","75+","Female","Motorcyclist",7
2011,"Major Cities","75+","Female","Other",199
2011,"Major Cities","75+","Female","Pedal cyclist",9
2011,"Major Cities","75+","Male","Car",404
2011,"Major Cities","75+","Male","Heavy transport vehicle",1
2011,"Major Cities","75+","Male","Motorcyclist",24
2011,"Major Cities","75+","Male","Other",138
2011,"Major Cities","75+","Male","Pedal cyclist",53
2011,"Major Cities","8-16","Female","Car",211
2011,"Major Cities","8-16","Female","Motorcyclist",16
2011,"Major Cities","8-16","Female","Other",115
2011,"Major Cities","8-16","Female","Pedal cyclist",101
2011,"Major Cities","8-16","Male","Car",172
2011,"Major Cities","8-16","Male","Heavy transport vehicle",2
2011,"Major Cities","8-16","Male","Motorcyclist",157
2011,"Major Cities","8-16","Male","Other",170
2011,"Major Cities","8-16","Male","Pedal cyclist",431
2011,"Regional","0-7","Female","Car",56
2011,"Regional","0-7","Female","Motorcyclist",2
2011,"Regional","0-7","Female","Other",17
2011,"Regional","0-7","Female","Pedal cyclist",19
2011,"Regional","0-7","Male","Car",69
2011,"Regional","0-7","Male","Motorcyclist",13
2011,"Regional","0-7","Male","Other",34
2011,"Regional","0-7","Male","Pedal cyclist",46
2011,"Regional","17-25","Female","Car",684
2011,"Regional","17-25","Female","Motorcyclist",41
2011,"Regional","17-25","Female","Other",44
2011,"Regional","17-25","Female","Pedal cyclist",21
2011,"Regional","17-25","Male","Car",851
2011,"Regional","17-25","Male","Heavy transport vehicle",18
2011,"Regional","17-25","Male","Motorcyclist",681
2011,"Regional","17-25","Male","Other",91
2011,"Regional","17-25","Male","Pedal cyclist",137
2011,"Regional","26-39","Female","Car",487
2011,"Regional","26-39","Female","Heavy transport vehicle",3
2011,"Regional","26-39","Female","Motorcyclist",58
2011,"Regional","26-39","Female","Other",29
2011,"Regional","26-39","Female","Pedal cyclist",36
2011,"Regional","26-39","Male","Car",639
2011,"Regional","26-39","Male","Heavy transport vehicle",67
2011,"Regional","26-39","Male","Motorcyclist",602
2011,"Regional","26-39","Male","Other",67
2011,"Regional","26-39","Male","Pedal cyclist",163
2011,"Regional","40-64","Female","Car",763
2011,"Regional","40-64","Female","Heavy transport vehicle",6
2011,"Regional","40-64","Female","Motorcyclist",110
2011,"Regional","40-64","Female","Other",71
2011,"Regional","40-64","Female","Pedal cyclist",102
2011,"Regional","40-64","Male","Car",740
2011,"Regional","40-64","Male","Heavy transport vehicle",170
2011,"Regional","40-64","Male","Motorcyclist",836
2011,"Regional","40-64","Male","Other",119
2011,"Regional","40-64","Male","Pedal cyclist",283
2011,"Regional","65-74","Female","Car",213
2011,"Regional","65-74","Female","Heavy transport vehicle",2
2011,"Regional","65-74","Female","Motorcyclist",8
2011,"Regional","65-74","Female","Other",22
2011,"Regional","65-74","Female","Pedal cyclist",16
2011,"Regional","65-74","Male","Car",179
2011,"Regional","65-74","Male","Heavy transport vehicle",13
2011,"Regional","65-74","Male","Motorcyclist",56
2011,"Regional","65-74","Male","Other",26
2011,"Regional","65-74","Male","Pedal cyclist",55
2011,"Regional","75+","Female","Car",221
2011,"Regional","75+","Female","Motorcyclist",1
2011,"Regional","75+","Female","Other",55
2011,"Regional","75+","Male","Car",187
2011,"Regional","75+","Male","Motorcyclist",10
2011,"Regional","75+","Male","Other",26
2011,"Regional","75+","Male","Pedal cyclist",24
2011,"Regional","8-16","Female","Car",166
2011,"Regional","8-16","Female","Motorcyclist",22
2011,"Regional","8-16","Female","Other",44
2011,"Regional","8-16","Female","Pedal cyclist",59
2011,"Regional","8-16","Male","Car",132
2011,"Regional","8-16","Male","Heavy transport vehicle",1
2011,"Regional","8-16","Male","Motorcyclist",233
2011,"Regional","8-16","Male","Other",58
2011,"Regional","8-16","Male","Pedal cyclist",247
2011,"Remote","0-7","Female","Car",8
2011,"Remote","0-7","Female","Other",2
2011,"Remote","0-7","Female","Pedal cyclist",8
2011,"Remote","0-7","Male","Car",8
2011,"Remote","0-7","Male","Motorcyclist",2
2011,"Remote","0-7","Male","Other",5
2011,"Remote","0-7","Male","Pedal cyclist",5
2011,"Remote","17-25","Female","Car",64
2011,"Remote","17-25","Female","Motorcyclist",10
2011,"Remote","17-25","Female","Other",8
2011,"Remote","17-25","Female","Pedal cyclist",1
2011,"Remote","17-25","Male","Car",122
2011,"Remote","17-25","Male","Heavy transport vehicle",1
2011,"Remote","17-25","Male","Motorcyclist",95
2011,"Remote","17-25","Male","Other",17
2011,"Remote","17-25","Male","Pedal cyclist",11
2011,"Remote","26-39","Female","Car",52
2011,"Remote","26-39","Female","Heavy transport vehicle",2
2011,"Remote","26-39","Female","Motorcyclist",10
2011,"Remote","26-39","Female","Other",10
2011,"Remote","26-39","Female","Pedal cyclist",3
2011,"Remote","26-39","Male","Car",87
2011,"Remote","26-39","Male","Heavy transport vehicle",3
2011,"Remote","26-39","Male","Motorcyclist",67
2011,"Remote","26-39","Male","Other",18
2011,"Remote","26-39","Male","Pedal cyclist",18
2011,"Remote","40-64","Female","Car",52
2011,"Remote","40-64","Female","Motorcyclist",10
2011,"Remote","40-64","Female","Other",15
2011,"Remote","40-64","Female","Pedal cyclist",5
2011,"Remote","40-64","Male","Car",81
2011,"Remote","40-64","Male","Heavy transport vehicle",13
2011,"Remote","40-64","Male","Motorcyclist",75
2011,"Remote","40-64","Male","Other",17
2011,"Remote","40-64","Male","Pedal cyclist",12
2011,"Remote","65-74","Female","Car",12
2011,"Remote","65-74","Female","Motorcyclist",1
2011,"Remote","65-74","Female","Other",2
2011,"Remote","65-74","Male","Car",8
2011,"Remote","65-74","Male","Heavy transport vehicle",2
2011,"Remote","65-74","Male","Motorcyclist",6
2011,"Remote","65-74","Male","Other",6
2011,"Remote","65-74","Male","Pedal cyclist",2
2011,"Remote","75+","Female","Car",3
2011,"Remote","75+","Female","Other",1
2011,"Remote","75+","Male","Car",8
2011,"Remote","75+","Male","Other",1
2011,"Remote","8-16","Female","Car",21
2011,"Remote","8-16","Female","Heavy transport vehicle",2
2011,"Remote","8-16","Female","Motorcyclist",6
2011,"Remote","8-16","Female","Pedal cyclist",3
2011,"Remote","8-16","Male","Car",40
2011,"Remote","8-16","Male","Motorcyclist",36
2011,"Remote","8-16","Male","Other",5
2011,"Remote","8-16","Male","Pedal cyclist",19
2012,"Major Cities","0-7","Female","Car",83
2012,"Major Cities","0-7","Female","Motorcyclist",3
2012,"Major Cities","0-7","Female","Other",39
2012,"Major Cities","0-7","Female","Pedal cyclist",29
2012,"Major Cities","0-7","Male","Car",91
2012,"Major Cities","0-7","Male","Motorcyclist",14
2012,"Major Cities","0-7","Male","Other",66
2012,"Major Cities","0-7","Male","Pedal cyclist",87
2012,"Major Cities","17-25","Female","Car",1190
2012,"Major Cities","17-25","Female","Motorcyclist",109
2012,"Major Cities","17-25","Female","Other",152
2012,"Major Cities","17-25","Female","Pedal cyclist",93
2012,"Major Cities","17-25","Male","Car",1331
2012,"Major Cities","17-25","Male","Heavy transport vehicle",23
2012,"Major Cities","17-25","Male","Motorcyclist",1124
2012,"Major Cities","17-25","Male","Other",266
2012,"Major Cities","17-25","Male","Pedal cyclist",445
2012,"Major Cities","26-39","Female","Car",1133
2012,"Major Cities","26-39","Female","Heavy transport vehicle",4
2012,"Major Cities","26-39","Female","Motorcyclist",136
2012,"Major Cities","26-39","Female","Other",180
2012,"Major Cities","26-39","Female","Pedal cyclist",241
2012,"Major Cities","26-39","Male","Car",1239
2012,"Major Cities","26-39","Male","Heavy transport vehicle",70
2012,"Major Cities","26-39","Male","Motorcyclist",1327
2012,"Major Cities","26-39","Male","Other",282
2012,"Major Cities","26-39","Male","Pedal cyclist",841
2012,"Major Cities","40-64","Female","Car",1563
2012,"Major Cities","40-64","Female","Heavy transport vehicle",7
2012,"Major Cities","40-64","Female","Motorcyclist",200
2012,"Major Cities","40-64","Female","Other",252
2012,"Major Cities","40-64","Female","Pedal cyclist",325
2012,"Major Cities","40-64","Male","Car",1330
2012,"Major Cities","40-64","Male","Heavy transport vehicle",111
2012,"Major Cities","40-64","Male","Motorcyclist",1506
2012,"Major Cities","40-64","Male","Other",328
2012,"Major Cities","40-64","Male","Pedal cyclist",1347
2012,"Major Cities","65-74","Female","Car",417
2012,"Major Cities","65-74","Female","Motorcyclist",6
2012,"Major Cities","65-74","Female","Other",92
2012,"Major Cities","65-74","Female","Pedal cyclist",46
2012,"Major Cities","65-74","Male","Car",326
2012,"Major Cities","65-74","Male","Heavy transport vehicle",9
2012,"Major Cities","65-74","Male","Motorcyclist",75
2012,"Major Cities","65-74","Male","Other",84
2012,"Major Cities","65-74","Male","Pedal cyclist",152
2012,"Major Cities","75+","Female","Car",555
2012,"Major Cities","75+","Female","Heavy transport vehicle",1
2012,"Major Cities","75+","Female","Motorcyclist",3
2012,"Major Cities","75+","Female","Other",198
2012,"Major Cities","75+","Female","Pedal cyclist",6
2012,"Major Cities","75+","Male","Car",439
2012,"Major Cities","75+","Male","Heavy transport vehicle",1
2012,"Major Cities","75+","Male","Motorcyclist",18
2012,"Major Cities","75+","Male","Other",154
2012,"Major Cities","75+","Male","Pedal cyclist",55
2012,"Major Cities","8-16","Female","Car",188
2012,"Major Cities","8-16","Female","Motorcyclist",26
2012,"Major Cities","8-16","Female","Other",71
2012,"Major Cities","8-16","Female","Pedal cyclist",90
2012,"Major Cities","8-16","Male","Car",176
2012,"Major Cities","8-16","Male","Heavy transport vehicle",1
2012,"Major Cities","8-16","Male","Motorcyclist",155
2012,"Major Cities","8-16","Male","Other",158
2012,"Major Cities","8-16","Male","Pedal cyclist",423
2012,"Regional","0-7","Female","Car",64
2012,"Regional","0-7","Female","Heavy transport vehicle",1
2012,"Regional","0-7","Female","Motorcyclist",6
2012,"Regional","0-7","Female","Other",13
2012,"Regional","0-7","Female","Pedal cyclist",27
2012,"Regional","0-7","Male","Car",57
2012,"Regional","0-7","Male","Heavy transport vehicle",1
2012,"Regional","0-7","Male","Motorcyclist",21
2012,"Regional","0-7","Male","Other",30
2012,"Regional","0-7","Male","Pedal cyclist",49
2012,"Regional","17-25","Female","Car",710
2012,"Regional","17-25","Female","Heavy transport vehicle",1
2012,"Regional","17-25","Female","Motorcyclist",50
2012,"Regional","17-25","Female","Other",30
2012,"Regional","17-25","Female","Pedal cyclist",25
2012,"Regional","17-25","Male","Car",911
2012,"Regional","17-25","Male","Heavy transport vehicle",19
2012,"Regional","17-25","Male","Motorcyclist",667
2012,"Regional","17-25","Male","Other",89
2012,"Regional","17-25","Male","Pedal cyclist",131
2012,"Regional","26-39","Female","Car",508
2012,"Regional","26-39","Female","Heavy transport vehicle",1
2012,"Regional","26-39","Female","Motorcyclist",41
2012,"Regional","26-39","Female","Other",33
2012,"Regional","26-39","Female","Pedal cyclist",39
2012,"Regional","26-39","Male","Car",623
2012,"Regional","26-39","Male","Heavy transport vehicle",73
2012,"Regional","26-39","Male","Motorcyclist",609
2012,"Regional","26-39","Male","Other",65
2012,"Regional","26-39","Male","Pedal cyclist",158
2012,"Regional","40-64","Female","Car",693
2012,"Regional","40-64","Female","Heavy transport vehicle",8
2012,"Regional","40-64","Female","Motorcyclist",95
2012,"Regional","40-64","Female","Other",61
2012,"Regional","40-64","Female","Pedal cyclist",111
2012,"Regional","40-64","Male","Car",722
2012,"Regional","40-64","Male","Heavy transport vehicle",143
2012,"Regional","40-64","Male","Motorcyclist",784
2012,"Regional","40-64","Male","Other",106
2012,"Regional","40-64","Male","Pedal cyclist",325
2012,"Regional","65-74","Female","Car",220
2012,"Regional","65-74","Female","Motorcyclist",7
2012,"Regional","65-74","Female","Other",37
2012,"Regional","65-74","Female","Pedal cyclist",24
2012,"Regional","65-74","Male","Car",184
2012,"Regional","65-74","Male","Heavy transport vehicle",8
2012,"Regional","65-74","Male","Motorcyclist",71
2012,"Regional","65-74","Male","Other",30
2012,"Regional","65-74","Male","Pedal cyclist",54
2012,"Regional","75+","Female","Car",213
2012,"Regional","75+","Female","Heavy transport vehicle",1
2012,"Regional","75+","Female","Motorcyclist",2
2012,"Regional","75+","Female","Other",36
2012,"Regional","75+","Female","Pedal cyclist",8
2012,"Regional","75+","Male","Car",181
2012,"Regional","75+","Male","Motorcyclist",16
2012,"Regional","75+","Male","Other",30
2012,"Regional","75+","Male","Pedal cyclist",34
2012,"Regional","8-16","Female","Car",121
2012,"Regional","8-16","Female","Motorcyclist",32
2012,"Regional","8-16","Female","Other",42
2012,"Regional","8-16","Female","Pedal cyclist",70
2012,"Regional","8-16","Male","Car",115
2012,"Regional","8-16","Male","Heavy transport vehicle",1
2012,"Regional","8-16","Male","Motorcyclist",224
2012,"Regional","8-16","Male","Other",55
2012,"Regional","8-16","Male","Pedal cyclist",217
2012,"Remote","0-7","Female","Car",13
2012,"Remote","0-7","Female","Other",3
2012,"Remote","0-7","Female","Pedal cyclist",4
2012,"Remote","0-7","Male","Car",11
2012,"Remote","0-7","Male","Motorcyclist",3
2012,"Remote","0-7","Male","Other",6
2012,"Remote","0-7","Male","Pedal cyclist",5
2012,"Remote","17-25","Female","Car",69
2012,"Remote","17-25","Female","Heavy transport vehicle",1
2012,"Remote","17-25","Female","Motorcyclist",12
2012,"Remote","17-25","Female","Other",6
2012,"Remote","17-25","Male","Car",105
2012,"Remote","17-25","Male","Heavy transport vehicle",1
2012,"Remote","17-25","Male","Motorcyclist",85
2012,"Remote","17-25","Male","Other",13
2012,"Remote","17-25","Male","Pedal cyclist",10
2012,"Remote","26-39","Female","Car",81
2012,"Remote","26-39","Female","Heavy transport vehicle",1
2012,"Remote","26-39","Female","Motorcyclist",13
2012,"Remote","26-39","Female","Other",5
2012,"Remote","26-39","Female","Pedal cyclist",3
2012,"Remote","26-39","Male","Car",119
2012,"Remote","26-39","Male","Heavy transport vehicle",5
2012,"Remote","26-39","Male","Motorcyclist",78
2012,"Remote","26-39","Male","Other",13
2012,"Remote","26-39","Male","Pedal cyclist",11
2012,"Remote","40-64","Female","Car",75
2012,"Remote","40-64","Female","Heavy transport vehicle",3
2012,"Remote","40-64","Female","Motorcyclist",10
2012,"Remote","40-64","Female","Other",13
2012,"Remote","40-64","Female","Pedal cyclist",6
2012,"Remote","40-64","Male","Car",111
2012,"Remote","40-64","Male","Heavy transport vehicle",6
2012,"Remote","40-64","Male","Motorcyclist",69
2012,"Remote","40-64","Male","Other",33
2012,"Remote","40-64","Male","Pedal cyclist",19
2012,"Remote","65-74","Female","Car",19
2012,"Remote","65-74","Female","Other",0
2012,"Remote","65-74","Female","Pedal cyclist",2
2012,"Remote","65-74","Male","Car",15
2012,"Remote","65-74","Male","Heavy transport vehicle",3
2012,"Remote","65-74","Male","Motorcyclist",3
2012,"Remote","65-74","Male","Other",2
2012,"Remote","65-74","Male","Pedal cyclist",3
2012,"Remote","75+","Female","Car",9
2012,"Remote","75+","Female","Other",1
2012,"Remote","75+","Male","Car",7
2012,"Remote","75+","Male","Heavy transport vehicle",1
2012,"Remote","75+","Male","Motorcyclist",2
2012,"Remote","75+","Male","Other",2
2012,"Remote","75+","Male","Pedal cyclist",1
2012,"Remote","8-16","Female","Car",24
2012,"Remote","8-16","Female","Motorcyclist",5
2012,"Remote","8-16","Female","Pedal cyclist",3
2012,"Remote","8-16","Male","Car",29
2012,"Remote","8-16","Male","Motorcyclist",36
2012,"Remote","8-16","Male","Other",5
2012,"Remote","8-16","Male","Pedal cyclist",22
2013,"Major Cities","0-7","Female","Car",81
2013,"Major Cities","0-7","Female","Motorcyclist",1
2013,"Major Cities","0-7","Female","Other",36
2013,"Major Cities","0-7","Female","Pedal cyclist",38
2013,"Major Cities","0-7","Male","Car",99
2013,"Major Cities","0-7","Male","Motorcyclist",14
2013,"Major Cities","0-7","Male","Other",75
2013,"Major Cities","0-7","Male","Pedal cyclist",84
2013,"Major Cities","17-25","Female","Car",1216
2013,"Major Cities","17-25","Female","Motorcyclist",117
2013,"Major Cities","17-25","Female","Other",162
2013,"Major Cities","17-25","Female","Pedal cyclist",108
2013,"Major Cities","17-25","Male","Car",1277
2013,"Major Cities","17-25","Male","Heavy transport vehicle",20
2013,"Major Cities","17-25","Male","Motorcyclist",1111
2013,"Major Cities","17-25","Male","Other",261
2013,"Major Cities","17-25","Male","Pedal cyclist",455
2013,"Major Cities","26-39","Female","Car",1304
2013,"Major Cities","26-39","Female","Motorcyclist",152
2013,"Major Cities","26-39","Female","Other",129
2013,"Major Cities","26-39","Female","Pedal cyclist",274
2013,"Major Cities","26-39","Male","Car",1315
2013,"Major Cities","26-39","Male","Heavy transport vehicle",55
2013,"Major Cities","26-39","Male","Motorcyclist",1376
2013,"Major Cities","26-39","Male","Other",271
2013,"Major Cities","26-39","Male","Pedal cyclist",937
2013,"Major Cities","26-39","intersex or indeterminate or missing","Motorcyclist",1
2013,"Major Cities","40-64","Female","Car",1772
2013,"Major Cities","40-64","Female","Heavy transport vehicle",7
2013,"Major Cities","40-64","Female","Motorcyclist",199
2013,"Major Cities","40-64","Female","Other",266
2013,"Major Cities","40-64","Female","Pedal cyclist",423
2013,"Major Cities","40-64","Male","Car",1327
2013,"Major Cities","40-64","Male","Heavy transport vehicle",119
2013,"Major Cities","40-64","Male","Motorcyclist",1660
2013,"Major Cities","40-64","Male","Other",342
2013,"Major Cities","40-64","Male","Pedal cyclist",1602
2013,"Major Cities","40-64","intersex or indeterminate or missing","Car",1
2013,"Major Cities","65-74","Female","Car",475
2013,"Major Cities","65-74","Female","Motorcyclist",8
2013,"Major Cities","65-74","Female","Other",123
2013,"Major Cities","65-74","Female","Pedal cyclist",47
2013,"Major Cities","65-74","Male","Car",349
2013,"Major Cities","65-74","Male","Heavy transport vehicle",10
2013,"Major Cities","65-74","Male","Motorcyclist",109
2013,"Major Cities","65-74","Male","Other",119
2013,"Major Cities","65-74","Male","Pedal cyclist",185
2013,"Major Cities","75+","Female","Car",513
2013,"Major Cities","75+","Female","Heavy transport vehicle",1
2013,"Major Cities","75+","Female","Motorcyclist",7
2013,"Major Cities","75+","Female","Other",204
2013,"Major Cities","75+","Female","Pedal cyclist",7
2013,"Major Cities","75+","Male","Car",410
2013,"Major Cities","75+","Male","Heavy transport vehicle",1
2013,"Major Cities","75+","Male","Motorcyclist",42
2013,"Major Cities","75+","Male","Other",152
2013,"Major Cities","75+","Male","Pedal cyclist",64
2013,"Major Cities","8-16","Female","Car",222
2013,"Major Cities","8-16","Female","Motorcyclist",25
2013,"Major Cities","8-16","Female","Other",90
2013,"Major Cities","8-16","Female","Pedal cyclist",99
2013,"Major Cities","8-16","Male","Car",175
2013,"Major Cities","8-16","Male","Heavy transport vehicle",2
2013,"Major Cities","8-16","Male","Motorcyclist",159
2013,"Major Cities","8-16","Male","Other",132
2013,"Major Cities","8-16","Male","Pedal cyclist",437
2013,"Regional","0-7","Female","Car",66
2013,"Regional","0-7","Female","Motorcyclist",5
2013,"Regional","0-7","Female","Other",17
2013,"Regional","0-7","Female","Pedal cyclist",18
2013,"Regional","0-7","Male","Car",49
2013,"Regional","0-7","Male","Motorcyclist",14
2013,"Regional","0-7","Male","Other",22
2013,"Regional","0-7","Male","Pedal cyclist",44
2013,"Regional","17-25","Female","Car",641
2013,"Regional","17-25","Female","Heavy transport vehicle",1
2013,"Regional","17-25","Female","Motorcyclist",45
2013,"Regional","17-25","Female","Other",30
2013,"Regional","17-25","Female","Pedal cyclist",17
2013,"Regional","17-25","Male","Car",760
2013,"Regional","17-25","Male","Heavy transport vehicle",18
2013,"Regional","17-25","Male","Motorcyclist",686
2013,"Regional","17-25","Male","Other",84
2013,"Regional","17-25","Male","Pedal cyclist",150
2013,"Regional","26-39","Female","Car",430
2013,"Regional","26-39","Female","Heavy transport vehicle",1
2013,"Regional","26-39","Female","Motorcyclist",63
2013,"Regional","26-39","Female","Other",29
2013,"Regional","26-39","Female","Pedal cyclist",32
2013,"Regional","26-39","Male","Car",587
2013,"Regional","26-39","Male","Heavy transport vehicle",62
2013,"Regional","26-39","Male","Motorcyclist",562
2013,"Regional","26-39","Male","Other",78
2013,"Regional","26-39","Male","Pedal cyclist",167
2013,"Regional","40-64","Female","Car",663
2013,"Regional","40-64","Female","Heavy transport vehicle",6
2013,"Regional","40-64","Female","Motorcyclist",130
2013,"Regional","40-64","Female","Other",55
2013,"Regional","40-64","Female","Pedal cyclist",122
2013,"Regional","40-64","Male","Car",708
2013,"Regional","40-64","Male","Heavy transport vehicle",136
2013,"Regional","40-64","Male","Motorcyclist",805
2013,"Regional","40-64","Male","Other",93
2013,"Regional","40-64","Male","Pedal cyclist",324
2013,"Regional","65-74","Female","Car",229
2013,"Regional","65-74","Female","Motorcyclist",3
2013,"Regional","65-74","Female","Other",19
2013,"Regional","65-74","Female","Pedal cyclist",22
2013,"Regional","65-74","Male","Car",190
2013,"Regional","65-74","Male","Heavy transport vehicle",13
2013,"Regional","65-74","Male","Motorcyclist",75
2013,"Regional","65-74","Male","Other",23
2013,"Regional","65-74","Male","Pedal cyclist",58
2013,"Regional","75+","Female","Car",249
2013,"Regional","75+","Female","Motorcyclist",0
2013,"Regional","75+","Female","Other",41
2013,"Regional","75+","Female","Pedal cyclist",5
2013,"Regional","75+","Male","Car",204
2013,"Regional","75+","Male","Motorcyclist",24
2013,"Regional","75+","Male","Other",28
2013,"Regional","75+","Male","Pedal cyclist",27
2013,"Regional","8-16","Female","Car",137
2013,"Regional","8-16","Female","Motorcyclist",16
2013,"Regional","8-16","Female","Other",16
2013,"Regional","8-16","Female","Pedal cyclist",47
2013,"Regional","8-16","Male","Car",120
2013,"Regional","8-16","Male","Heavy transport vehicle",2
2013,"Regional","8-16","Male","Motorcyclist",209
2013,"Regional","8-16","Male","Other",47
2013,"Regional","8-16","Male","Pedal cyclist",254
2013,"Remote","0-7","Female","Car",7
2013,"Remote","0-7","Female","Motorcyclist",1
2013,"Remote","0-7","Female","Other",5
2013,"Remote","0-7","Female","Pedal cyclist",1
2013,"Remote","0-7","Male","Car",12
2013,"Remote","0-7","Male","Motorcyclist",2
2013,"Remote","0-7","Male","Other",2
2013,"Remote","0-7","Male","Pedal cyclist",9
2013,"Remote","17-25","Female","Car",78
2013,"Remote","17-25","Female","Motorcyclist",9
2013,"Remote","17-25","Female","Other",4
2013,"Remote","17-25","Male","Car",136
2013,"Remote","17-25","Male","Heavy transport vehicle",2
2013,"Remote","17-25","Male","Motorcyclist",87
2013,"Remote","17-25","Male","Other",12
2013,"Remote","17-25","Male","Pedal cyclist",6
2013,"Remote","26-39","Female","Car",70
2013,"Remote","26-39","Female","Heavy transport vehicle",1
2013,"Remote","26-39","Female","Motorcyclist",8
2013,"Remote","26-39","Female","Other",7
2013,"Remote","26-39","Female","Pedal cyclist",2
2013,"Remote","26-39","Male","Car",106
2013,"Remote","26-39","Male","Heavy transport vehicle",3
2013,"Remote","26-39","Male","Motorcyclist",80
2013,"Remote","26-39","Male","Other",28
2013,"Remote","26-39","Male","Pedal cyclist",17
2013,"Remote","40-64","Female","Car",69
2013,"Remote","40-64","Female","Motorcyclist",5
2013,"Remote","40-64","Female","Other",6
2013,"Remote","40-64","Female","Pedal cyclist",8
2013,"Remote","40-64","Male","Car",85
2013,"Remote","40-64","Male","Heavy transport vehicle",17
2013,"Remote","40-64","Male","Motorcyclist",65
2013,"Remote","40-64","Male","Other",13
2013,"Remote","40-64","Male","Pedal cyclist",15
2013,"Remote","65-74","Female","Car",15
2013,"Remote","65-74","Female","Motorcyclist",1
2013,"Remote","65-74","Male","Car",10
2013,"Remote","65-74","Male","Motorcyclist",9
2013,"Remote","65-74","Male","Other",1
2013,"Remote","65-74","Male","Pedal cyclist",4
2013,"Remote","75+","Female","Car",5
2013,"Remote","75+","Female","Other",2
2013,"Remote","75+","Male","Car",11
2013,"Remote","75+","Male","Other",1
2013,"Remote","8-16","Female","Car",21
2013,"Remote","8-16","Female","Motorcyclist",15
2013,"Remote","8-16","Female","Other",2
2013,"Remote","8-16","Female","Pedal cyclist",8
2013,"Remote","8-16","Male","Car",26
2013,"Remote","8-16","Male","Heavy transport vehicle",0
2013,"Remote","8-16","Male","Motorcyclist",45
2013,"Remote","8-16","Male","Other",1
2013,"Remote","8-16","Male","Pedal cyclist",23
2014,"Major Cities","0-7","Female","Car",90
2014,"Major Cities","0-7","Female","Motorcyclist",5
2014,"Major Cities","0-7","Female","Other",23
2014,"Major Cities","0-7","Female","Pedal cyclist",38
2014,"Major Cities","0-7","Male","Car",80
2014,"Major Cities","0-7","Male","Motorcyclist",11
2014,"Major Cities","0-7","Male","Other",70
2014,"Major Cities","0-7","Male","Pedal cyclist",110
2014,"Major Cities","17-25","Female","Car",1281
2014,"Major Cities","17-25","Female","Heavy transport vehicle",3
2014,"Major Cities","17-25","Female","Motorcyclist",106
2014,"Major Cities","17-25","Female","Other",157
2014,"Major Cities","17-25","Female","Pedal cyclist",121
2014,"Major Cities","17-25","Male","Car",1204
2014,"Major Cities","17-25","Male","Heavy transport vehicle",17
2014,"Major Cities","17-25","Male","Motorcyclist",1185
2014,"Major Cities","17-25","Male","Other",196
2014,"Major Cities","17-25","Male","Pedal cyclist",466
2014,"Major Cities","26-39","Female","Car",1272
2014,"Major Cities","26-39","Female","Heavy transport vehicle",4
2014,"Major Cities","26-39","Female","Motorcyclist",160
2014,"Major Cities","26-39","Female","Other",148
2014,"Major Cities","26-39","Female","Pedal cyclist",311
2014,"Major Cities","26-39","Male","Car",1189
2014,"Major Cities","26-39","Male","Heavy transport vehicle",46
2014,"Major Cities","26-39","Male","Motorcyclist",1460
2014,"Major Cities","26-39","Male","Other",258
2014,"Major Cities","26-39","Male","Pedal cyclist",1082
2014,"Major Cities","40-64","Female","Car",1734
2014,"Major Cities","40-64","Female","Heavy transport vehicle",11
2014,"Major Cities","40-64","Female","Motorcyclist",213
2014,"Major Cities","40-64","Female","Other",288
2014,"Major Cities","40-64","Female","Pedal cyclist",433
2014,"Major Cities","40-64","Male","Car",1392
2014,"Major Cities","40-64","Male","Heavy transport vehicle",107
2014,"Major Cities","40-64","Male","Motorcyclist",1714
2014,"Major Cities","40-64","Male","Other",309
2014,"Major Cities","40-64","Male","Pedal cyclist",1627
2014,"Major Cities","65-74","Female","Car",482
2014,"Major Cities","65-74","Female","Heavy transport vehicle",3
2014,"Major Cities","65-74","Female","Motorcyclist",9
2014,"Major Cities","65-74","Female","Other",146
2014,"Major Cities","65-74","Female","Pedal cyclist",55
2014,"Major Cities","65-74","Male","Car",394
2014,"Major Cities","65-74","Male","Heavy transport vehicle",13
2014,"Major Cities","65-74","Male","Motorcyclist",131
2014,"Major Cities","65-74","Male","Other",116
2014,"Major Cities","65-74","Male","Pedal cyclist",211
2014,"Major Cities","75+","Female","Car",552
2014,"Major Cities","75+","Female","Heavy transport vehicle",3
2014,"Major Cities","75+","Female","Motorcyclist",6
2014,"Major Cities","75+","Female","Other",185
2014,"Major Cities","75+","Female","Pedal cyclist",9
2014,"Major Cities","75+","Male","Car",443
2014,"Major Cities","75+","Male","Heavy transport vehicle",1
2014,"Major Cities","75+","Male","Motorcyclist",32
2014,"Major Cities","75+","Male","Other",153
2014,"Major Cities","75+","Male","Pedal cyclist",87
2014,"Major Cities","8-16","Female","Car",181
2014,"Major Cities","8-16","Female","Motorcyclist",17
2014,"Major Cities","8-16","Female","Other",92
2014,"Major Cities","8-16","Female","Pedal cyclist",104
2014,"Major Cities","8-16","Male","Car",129
2014,"Major Cities","8-16","Male","Heavy transport vehicle",3
2014,"Major Cities","8-16","Male","Motorcyclist",155
2014,"Major Cities","8-16","Male","Other",122
2014,"Major Cities","8-16","Male","Pedal cyclist",433
2014,"Regional","0-7","Female","Car",56
2014,"Regional","0-7","Female","Motorcyclist",7
2014,"Regional","0-7","Female","Other",7
2014,"Regional","0-7","Female","Pedal cyclist",23
2014,"Regional","0-7","Male","Car",70
2014,"Regional","0-7","Male","Motorcyclist",11
2014,"Regional","0-7","Male","Other",25
2014,"Regional","0-7","Male","Pedal cyclist",47
2014,"Regional","17-25","Female","Car",634
2014,"Regional","17-25","Female","Heavy transport vehicle",2
2014,"Regional","17-25","Female","Motorcyclist",49
2014,"Regional","17-25","Female","Other",38
2014,"Regional","17-25","Female","Pedal cyclist",21
2014,"Regional","17-25","Male","Car",731
2014,"Regional","17-25","Male","Heavy transport vehicle",19
2014,"Regional","17-25","Male","Motorcyclist",638
2014,"Regional","17-25","Male","Other",88
2014,"Regional","17-25","Male","Pedal cyclist",127
2014,"Regional","26-39","Female","Car",476
2014,"Regional","26-39","Female","Heavy transport vehicle",5
2014,"Regional","26-39","Female","Motorcyclist",57
2014,"Regional","26-39","Female","Other",24
2014,"Regional","26-39","Female","Pedal cyclist",38
2014,"Regional","26-39","Male","Car",609
2014,"Regional","26-39","Male","Heavy transport vehicle",44
2014,"Regional","26-39","Male","Motorcyclist",614
2014,"Regional","26-39","Male","Other",83
2014,"Regional","26-39","Male","Pedal cyclist",141
2014,"Regional","40-64","Female","Car",665
2014,"Regional","40-64","Female","Heavy transport vehicle",5
2014,"Regional","40-64","Female","Motorcyclist",112
2014,"Regional","40-64","Female","Other",57
2014,"Regional","40-64","Female","Pedal cyclist",128
2014,"Regional","40-64","Male","Car",702
2014,"Regional","40-64","Male","Heavy transport vehicle",151
2014,"Regional","40-64","Male","Motorcyclist",899
2014,"Regional","40-64","Male","Other",88
2014,"Regional","40-64","Male","Pedal cyclist",398
2014,"Regional","65-74","Female","Car",231
2014,"Regional","65-74","Female","Heavy transport vehicle",1
2014,"Regional","65-74","Female","Motorcyclist",3
2014,"Regional","65-74","Female","Other",36
2014,"Regional","65-74","Female","Pedal cyclist",28
2014,"Regional","65-74","Male","Car",178
2014,"Regional","65-74","Male","Heavy transport vehicle",16
2014,"Regional","65-74","Male","Motorcyclist",79
2014,"Regional","65-74","Male","Other",17
2014,"Regional","65-74","Male","Pedal cyclist",84
2014,"Regional","75+","Female","Car",220
2014,"Regional","75+","Female","Motorcyclist",8
2014,"Regional","75+","Female","Other",46
2014,"Regional","75+","Female","Pedal cyclist",5
2014,"Regional","75+","Male","Car",213
2014,"Regional","75+","Male","Heavy transport vehicle",1
2014,"Regional","75+","Male","Motorcyclist",24
2014,"Regional","75+","Male","Other",38
2014,"Regional","75+","Male","Pedal cyclist",27
2014,"Regional","8-16","Female","Car",114
2014,"Regional","8-16","Female","Motorcyclist",25
2014,"Regional","8-16","Female","Other",24
2014,"Regional","8-16","Female","Pedal cyclist",58
2014,"Regional","8-16","Male","Car",103
2014,"Regional","8-16","Male","Heavy transport vehicle",1
2014,"Regional","8-16","Male","Motorcyclist",201
2014,"Regional","8-16","Male","Other",51
2014,"Regional","8-16","Male","Pedal cyclist",246
2014,"Remote","0-7","Female","Car",5
2014,"Remote","0-7","Female","Other",1
2014,"Remote","0-7","Female","Pedal cyclist",2
2014,"Remote","0-7","Male","Car",10
2014,"Remote","0-7","Male","Motorcyclist",2
2014,"Remote","0-7","Male","Other",8
2014,"Remote","0-7","Male","Pedal cyclist",3
2014,"Remote","17-25","Female","Car",78
2014,"Remote","17-25","Female","Motorcyclist",11
2014,"Remote","17-25","Female","Other",8
2014,"Remote","17-25","Male","Car",109
2014,"Remote","17-25","Male","Heavy transport vehicle",3
2014,"Remote","17-25","Male","Motorcyclist",75
2014,"Remote","17-25","Male","Other",7
2014,"Remote","17-25","Male","Pedal cyclist",5
2014,"Remote","26-39","Female","Car",62
2014,"Remote","26-39","Female","Motorcyclist",8
2014,"Remote","26-39","Female","Other",12
2014,"Remote","26-39","Female","Pedal cyclist",11
2014,"Remote","26-39","Male","Car",90
2014,"Remote","26-39","Male","Heavy transport vehicle",7
2014,"Remote","26-39","Male","Motorcyclist",71
2014,"Remote","26-39","Male","Other",17
2014,"Remote","26-39","Male","Pedal cyclist",10
2014,"Remote","40-64","Female","Car",89
2014,"Remote","40-64","Female","Heavy transport vehicle",2
2014,"Remote","40-64","Female","Motorcyclist",6
2014,"Remote","40-64","Female","Other",9
2014,"Remote","40-64","Female","Pedal cyclist",6
2014,"Remote","40-64","Male","Car",78
2014,"Remote","40-64","Male","Heavy transport vehicle",9
2014,"Remote","40-64","Male","Motorcyclist",65
2014,"Remote","40-64","Male","Other",10
2014,"Remote","40-64","Male","Pedal cyclist",19
2014,"Remote","65-74","Female","Car",16
2014,"Remote","65-74","Female","Other",4
2014,"Remote","65-74","Female","Pedal cyclist",1
2014,"Remote","65-74","Male","Car",17
2014,"Remote","65-74","Male","Motorcyclist",6
2014,"Remote","65-74","Male","Other",1
2014,"Remote","65-74","Male","Pedal cyclist",5
2014,"Remote","75+","Female","Car",6
2014,"Remote","75+","Female","Other",3
2014,"Remote","75+","Male","Car",19
2014,"Remote","75+","Male","Heavy transport vehicle",1
2014,"Remote","75+","Male","Other",2
2014,"Remote","8-16","Female","Car",18
2014,"Remote","8-16","Female","Heavy transport vehicle",1
2014,"Remote","8-16","Female","Motorcyclist",13
2014,"Remote","8-16","Female","Other",3
2014,"Remote","8-16","Female","Pedal cyclist",5
2014,"Remote","8-16","Male","Car",19
2014,"Remote","8-16","Male","Motorcyclist",40
2014,"Remote","8-16","Male","Other",4
2014,"Remote","8-16","Male","Pedal cyclist",27
2015,"Major Cities","0-7","Female","Car",111
2015,"Major Cities","0-7","Female","Motorcyclist",5
2015,"Major Cities","0-7","Female","Other",35
2015,"Major Cities","0-7","Female","Pedal cyclist",36
2015,"Major Cities","0-7","Male","Car",99
2015,"Major Cities","0-7","Male","Motorcyclist",10
2015,"Major Cities","0-7","Male","Other",57
2015,"Major Cities","0-7","Male","Pedal cyclist",96
2015,"Major Cities","17-25","Female","Car",1403
2015,"Major Cities","17-25","Female","Heavy transport vehicle",3
2015,"Major Cities","17-25","Female","Motorcyclist",133
2015,"Major Cities","17-25","Female","Other",166
2015,"Major Cities","17-25","Female","Pedal cyclist",130
2015,"Major Cities","17-25","Male","Car",1300
2015,"Major Cities","17-25","Male","Heavy transport vehicle",13
2015,"Major Cities","17-25","Male","Motorcyclist",1135
2015,"Major Cities","17-25","Male","Other",207
2015,"Major Cities","17-25","Male","Pedal cyclist",439
2015,"Major Cities","26-39","Female","Car",1433
2015,"Major Cities","26-39","Female","Heavy transport vehicle",2
2015,"Major Cities","26-39","Female","Motorcyclist",165
2015,"Major Cities","26-39","Female","Other",156
2015,"Major Cities","26-39","Female","Pedal cyclist",292
2015,"Major Cities","26-39","Male","Car",1360
2015,"Major Cities","26-39","Male","Heavy transport vehicle",62
2015,"Major Cities","26-39","Male","Motorcyclist",1431
2015,"Major Cities","26-39","Male","Other",263
2015,"Major Cities","26-39","Male","Pedal cyclist",962
2015,"Major Cities","40-64","Female","Car",1812
2015,"Major Cities","40-64","Female","Heavy transport vehicle",2
2015,"Major Cities","40-64","Female","Motorcyclist",206
2015,"Major Cities","40-64","Female","Other",265
2015,"Major Cities","40-64","Female","Pedal cyclist",430
2015,"Major Cities","40-64","Male","Car",1470
2015,"Major Cities","40-64","Male","Heavy transport vehicle",126
2015,"Major Cities","40-64","Male","Motorcyclist",1771
2015,"Major Cities","40-64","Male","Other",323
2015,"Major Cities","40-64","Male","Pedal cyclist",1730
2015,"Major Cities","65-74","Female","Car",553
2015,"Major Cities","65-74","Female","Motorcyclist",11
2015,"Major Cities","65-74","Female","Other",138
2015,"Major Cities","65-74","Female","Pedal cyclist",72
2015,"Major Cities","65-74","Male","Car",396
2015,"Major Cities","65-74","Male","Heavy transport vehicle",8
2015,"Major Cities","65-74","Male","Motorcyclist",125
2015,"Major Cities","65-74","Male","Other",111
2015,"Major Cities","65-74","Male","Pedal cyclist",246
2015,"Major Cities","75+","Female","Car",640
2015,"Major Cities","75+","Female","Motorcyclist",3
2015,"Major Cities","75+","Female","Other",193
2015,"Major Cities","75+","Female","Pedal cyclist",12
2015,"Major Cities","75+","Male","Car",464
2015,"Major Cities","75+","Male","Heavy transport vehicle",2
2015,"Major Cities","75+","Male","Motorcyclist",35
2015,"Major Cities","75+","Male","Other",164
2015,"Major Cities","75+","Male","Pedal cyclist",84
2015,"Major Cities","8-16","Female","Car",215
2015,"Major Cities","8-16","Female","Motorcyclist",30
2015,"Major Cities","8-16","Female","Other",86
2015,"Major Cities","8-16","Female","Pedal cyclist",89
2015,"Major Cities","8-16","Male","Car",185
2015,"Major Cities","8-16","Male","Heavy transport vehicle",1
2015,"Major Cities","8-16","Male","Motorcyclist",153
2015,"Major Cities","8-16","Male","Other",124
2015,"Major Cities","8-16","Male","Pedal cyclist",480
2015,"Regional","0-7","Female","Car",66
2015,"Regional","0-7","Female","Heavy transport vehicle",1
2015,"Regional","0-7","Female","Motorcyclist",3
2015,"Regional","0-7","Female","Other",14
2015,"Regional","0-7","Female","Pedal cyclist",28
2015,"Regional","0-7","Male","Car",55
2015,"Regional","0-7","Male","Motorcyclist",10
2015,"Regional","0-7","Male","Other",12
2015,"Regional","0-7","Male","Pedal cyclist",49
2015,"Regional","17-25","Female","Car",606
2015,"Regional","17-25","Female","Heavy transport vehicle",1
2015,"Regional","17-25","Female","Motorcyclist",54
2015,"Regional","17-25","Female","Other",17
2015,"Regional","17-25","Female","Pedal cyclist",19
2015,"Regional","17-25","Male","Car",763
2015,"Regional","17-25","Male","Heavy transport vehicle",21
2015,"Regional","17-25","Male","Motorcyclist",623
2015,"Regional","17-25","Male","Other",66
2015,"Regional","17-25","Male","Pedal cyclist",108
2015,"Regional","26-39","Female","Car",546
2015,"Regional","26-39","Female","Heavy transport vehicle",1
2015,"Regional","26-39","Female","Motorcyclist",64
2015,"Regional","26-39","Female","Other",19
2015,"Regional","26-39","Female","Pedal cyclist",45
2015,"Regional","26-39","Male","Car",624
2015,"Regional","26-39","Male","Heavy transport vehicle",60
2015,"Regional","26-39","Male","Motorcyclist",552
2015,"Regional","26-39","Male","Other",69
2015,"Regional","26-39","Male","Pedal cyclist",175
2015,"Regional","40-64","Female","Car",758
2015,"Regional","40-64","Female","Heavy transport vehicle",4
2015,"Regional","40-64","Female","Motorcyclist",108
2015,"Regional","40-64","Female","Other",46
2015,"Regional","40-64","Female","Pedal cyclist",118
2015,"Regional","40-64","Male","Car",765
2015,"Regional","40-64","Male","Heavy transport vehicle",151
2015,"Regional","40-64","Male","Motorcyclist",898
2015,"Regional","40-64","Male","Other",127
2015,"Regional","40-64","Male","Pedal cyclist",386
2015,"Regional","65-74","Female","Car",273
2015,"Regional","65-74","Female","Heavy transport vehicle",0
2015,"Regional","65-74","Female","Motorcyclist",8
2015,"Regional","65-74","Female","Other",28
2015,"Regional","65-74","Female","Pedal cyclist",22
2015,"Regional","65-74","Male","Car",198
2015,"Regional","65-74","Male","Heavy transport vehicle",17
2015,"Regional","65-74","Male","Motorcyclist",75
2015,"Regional","65-74","Male","Other",26
2015,"Regional","65-74","Male","Pedal cyclist",53
2015,"Regional","75+","Female","Car",257
2015,"Regional","75+","Female","Motorcyclist",25
2015,"Regional","75+","Female","Other",58
2015,"Regional","75+","Female","Pedal cyclist",3
2015,"Regional","75+","Male","Car",241
2015,"Regional","75+","Male","Heavy transport vehicle",2
2015,"Regional","75+","Male","Motorcyclist",22
2015,"Regional","75+","Male","Other",46
2015,"Regional","75+","Male","Pedal cyclist",40
2015,"Regional","8-16","Female","Car",146
2015,"Regional","8-16","Female","Heavy transport vehicle",2
2015,"Regional","8-16","Female","Motorcyclist",21
2015,"Regional","8-16","Female","Other",24
2015,"Regional","8-16","Female","Pedal cyclist",56
2015,"Regional","8-16","Male","Car",128
2015,"Regional","8-16","Male","Heavy transport vehicle",5
2015,"Regional","8-16","Male","Motorcyclist",218
2015,"Regional","8-16","Male","Other",44
2015,"Regional","8-16","Male","Pedal cyclist",274
2015,"Remote","0-7","Female","Car",11
2015,"Remote","0-7","Female","Motorcyclist",2
2015,"Remote","0-7","Female","Other",2
2015,"Remote","0-7","Female","Pedal cyclist",1
2015,"Remote","0-7","Male","Car",10
2015,"Remote","0-7","Male","Heavy transport vehicle",1
2015,"Remote","0-7","Male","Motorcyclist",5
2015,"Remote","0-7","Male","Other",4
2015,"Remote","0-7","Male","Pedal cyclist",9
2015,"Remote","17-25","Female","Car",49
2015,"Remote","17-25","Female","Motorcyclist",5
2015,"Remote","17-25","Female","Other",7
2015,"Remote","17-25","Female","Pedal cyclist",2
2015,"Remote","17-25","Male","Car",106
2015,"Remote","17-25","Male","Motorcyclist",74
2015,"Remote","17-25","Male","Other",10
2015,"Remote","17-25","Male","Pedal cyclist",12
2015,"Remote","26-39","Female","Car",70
2015,"Remote","26-39","Female","Motorcyclist",5
2015,"Remote","26-39","Female","Other",15
2015,"Remote","26-39","Female","Pedal cyclist",10
2015,"Remote","26-39","Male","Car",103
2015,"Remote","26-39","Male","Heavy transport vehicle",5
2015,"Remote","26-39","Male","Motorcyclist",64
2015,"Remote","26-39","Male","Other",26
2015,"Remote","26-39","Male","Pedal cyclist",16
2015,"Remote","40-64","Female","Car",80
2015,"Remote","40-64","Female","Heavy transport vehicle",0
2015,"Remote","40-64","Female","Motorcyclist",9
2015,"Remote","40-64","Female","Other",21
2015,"Remote","40-64","Female","Pedal cyclist",7
2015,"Remote","40-64","Male","Car",95
2015,"Remote","40-64","Male","Heavy transport vehicle",9
2015,"Remote","40-64","Male","Motorcyclist",78
2015,"Remote","40-64","Male","Other",20
2015,"Remote","40-64","Male","Pedal cyclist",26
2015,"Remote","40-64","intersex or indeterminate or missing","Car",1
2015,"Remote","65-74","Female","Car",10
2015,"Remote","65-74","Female","Motorcyclist",1
2015,"Remote","65-74","Female","Other",1
2015,"Remote","65-74","Female","Pedal cyclist",1
2015,"Remote","65-74","Male","Car",16
2015,"Remote","65-74","Male","Heavy transport vehicle",1
2015,"Remote","65-74","Male","Motorcyclist",5
2015,"Remote","65-74","Male","Other",2
2015,"Remote","65-74","Male","Pedal cyclist",2
2015,"Remote","75+","Female","Car",8
2015,"Remote","75+","Male","Car",5
2015,"Remote","75+","Male","Motorcyclist",1
2015,"Remote","75+","Male","Other",2
2015,"Remote","8-16","Female","Car",21
2015,"Remote","8-16","Female","Motorcyclist",6
2015,"Remote","8-16","Female","Other",2
2015,"Remote","8-16","Female","Pedal cyclist",9
2015,"Remote","8-16","Male","Car",17
2015,"Remote","8-16","Male","Motorcyclist",37
2015,"Remote","8-16","Male","Pedal cyclist",22
2016,"Major Cities","0-7","Female","Car",94
2016,"Major Cities","0-7","Female","Motorcyclist",1
2016,"Major Cities","0-7","Female","Other",41
2016,"Major Cities","0-7","Female","Pedal cyclist",41
2016,"Major Cities","0-7","Male","Car",97
2016,"Major Cities","0-7","Male","Motorcyclist",3
2016,"Major Cities","0-7","Male","Other",58
2016,"Major Cities","0-7","Male","Pedal cyclist",95
2016,"Major Cities","17-25","Female","Car",1504
2016,"Major Cities","17-25","Female","Heavy transport vehicle",2
2016,"Major Cities","17-25","Female","Motorcyclist",139
2016,"Major Cities","17-25","Female","Other",166
2016,"Major Cities","17-25","Female","Pedal cyclist",121
2016,"Major Cities","17-25","Male","Car",1463
2016,"Major Cities","17-25","Male","Heavy transport vehicle",15
2016,"Major Cities","17-25","Male","Motorcyclist",1225
2016,"Major Cities","17-25","Male","Other",219
2016,"Major Cities","17-25","Male","Pedal cyclist",417
2016,"Major Cities","26-39","Female","Car",1612
2016,"Major Cities","26-39","Female","Heavy transport vehicle",1
2016,"Major Cities","26-39","Female","Motorcyclist",160
2016,"Major Cities","26-39","Female","Other",191
2016,"Major Cities","26-39","Female","Pedal cyclist",285
2016,"Major Cities","26-39","Male","Car",1526
2016,"Major Cities","26-39","Male","Heavy transport vehicle",49
2016,"Major Cities","26-39","Male","Motorcyclist",1550
2016,"Major Cities","26-39","Male","Other",271
2016,"Major Cities","26-39","Male","Pedal cyclist",986
2016,"Major Cities","40-64","Female","Car",2013
2016,"Major Cities","40-64","Female","Heavy transport vehicle",5
2016,"Major Cities","40-64","Female","Motorcyclist",233
2016,"Major Cities","40-64","Female","Other",344
2016,"Major Cities","40-64","Female","Pedal cyclist",470
2016,"Major Cities","40-64","Male","Car",1651
2016,"Major Cities","40-64","Male","Heavy transport vehicle",131
2016,"Major Cities","40-64","Male","Motorcyclist",1835
2016,"Major Cities","40-64","Male","Other",363
2016,"Major Cities","40-64","Male","Pedal cyclist",1743
2016,"Major Cities","65-74","Female","Car",589
2016,"Major Cities","65-74","Female","Heavy transport vehicle",2
2016,"Major Cities","65-74","Female","Motorcyclist",12
2016,"Major Cities","65-74","Female","Other",127
2016,"Major Cities","65-74","Female","Pedal cyclist",56
2016,"Major Cities","65-74","Male","Car",433
2016,"Major Cities","65-74","Male","Heavy transport vehicle",16
2016,"Major Cities","65-74","Male","Motorcyclist",142
2016,"Major Cities","65-74","Male","Other",111
2016,"Major Cities","65-74","Male","Pedal cyclist",302
2016,"Major Cities","75+","Female","Car",607
2016,"Major Cities","75+","Female","Heavy transport vehicle",2
2016,"Major Cities","75+","Female","Motorcyclist",7
2016,"Major Cities","75+","Female","Other",193
2016,"Major Cities","75+","Female","Pedal cyclist",22
2016,"Major Cities","75+","Male","Car",498
2016,"Major Cities","75+","Male","Heavy transport vehicle",2
2016,"Major Cities","75+","Male","Motorcyclist",45
2016,"Major Cities","75+","Male","Other",159
2016,"Major Cities","75+","Male","Pedal cyclist",88
2016,"Major Cities","8-16","Female","Car",201
2016,"Major Cities","8-16","Female","Motorcyclist",18
2016,"Major Cities","8-16","Female","Other",90
2016,"Major Cities","8-16","Female","Pedal cyclist",118
2016,"Major Cities","8-16","Male","Car",187
2016,"Major Cities","8-16","Male","Heavy transport vehicle",1
2016,"Major Cities","8-16","Male","Motorcyclist",133
2016,"Major Cities","8-16","Male","Other",164
2016,"Major Cities","8-16","Male","Pedal cyclist",540
2016,"Regional","0-7","Female","Car",71
2016,"Regional","0-7","Female","Heavy transport vehicle",1
2016,"Regional","0-7","Female","Motorcyclist",7
2016,"Regional","0-7","Female","Other",16
2016,"Regional","0-7","Female","Pedal cyclist",16
2016,"Regional","0-7","Male","Car",52
2016,"Regional","0-7","Male","Heavy transport vehicle",1
2016,"Regional","0-7","Male","Motorcyclist",12
2016,"Regional","0-7","Male","Other",19
2016,"Regional","0-7","Male","Pedal cyclist",40
2016,"Regional","17-25","Female","Car",702
2016,"Regional","17-25","Female","Heavy transport vehicle",2
2016,"Regional","17-25","Female","Motorcyclist",57
2016,"Regional","17-25","Female","Other",35
2016,"Regional","17-25","Female","Pedal cyclist",16
2016,"Regional","17-25","Male","Car",841
2016,"Regional","17-25","Male","Heavy transport vehicle",21
2016,"Regional","17-25","Male","Motorcyclist",655
2016,"Regional","17-25","Male","Other",79
2016,"Regional","17-25","Male","Pedal cyclist",119
2016,"Regional","26-39","Female","Car",558
2016,"Regional","26-39","Female","Heavy transport vehicle",3
2016,"Regional","26-39","Female","Motorcyclist",61
2016,"Regional","26-39","Female","Other",36
2016,"Regional","26-39","Female","Pedal cyclist",42
2016,"Regional","26-39","Male","Car",615
2016,"Regional","26-39","Male","Heavy transport vehicle",41
2016,"Regional","26-39","Male","Motorcyclist",543
2016,"Regional","26-39","Male","Other",72
2016,"Regional","26-39","Male","Pedal cyclist",163
2016,"Regional","40-64","Female","Car",717
2016,"Regional","40-64","Female","Heavy transport vehicle",3
2016,"Regional","40-64","Female","Motorcyclist",109
2016,"Regional","40-64","Female","Other",42
2016,"Regional","40-64","Female","Pedal cyclist",168
2016,"Regional","40-64","Male","Car",773
2016,"Regional","40-64","Male","Heavy transport vehicle",140
2016,"Regional","40-64","Male","Motorcyclist",831
2016,"Regional","40-64","Male","Other",114
2016,"Regional","40-64","Male","Pedal cyclist",378
2016,"Regional","65-74","Female","Car",266
2016,"Regional","65-74","Female","Motorcyclist",13
2016,"Regional","65-74","Female","Other",28
2016,"Regional","65-74","Female","Pedal cyclist",26
2016,"Regional","65-74","Male","Car",194
2016,"Regional","65-74","Male","Heavy transport vehicle",16
2016,"Regional","65-74","Male","Motorcyclist",89
2016,"Regional","65-74","Male","Other",38
2016,"Regional","65-74","Male","Pedal cyclist",80
2016,"Regional","75+","Female","Car",281
2016,"Regional","75+","Female","Motorcyclist",0
2016,"Regional","75+","Female","Other",41
2016,"Regional","75+","Female","Pedal cyclist",6
2016,"Regional","75+","Male","Car",264
2016,"Regional","75+","Male","Heavy transport vehicle",4
2016,"Regional","75+","Male","Motorcyclist",32
2016,"Regional","75+","Male","Other",40
2016,"Regional","75+","Male","Pedal cyclist",31
2016,"Regional","8-16","Female","Car",128
2016,"Regional","8-16","Female","Motorcyclist",30
2016,"Regional","8-16","Female","Other",27
2016,"Regional","8-16","Female","Pedal cyclist",58
2016,"Regional","8-16","Male","Car",116
2016,"Regional","8-16","Male","Heavy transport vehicle",1
2016,"Regional","8-16","Male","Motorcyclist",192
2016,"Regional","8-16","Male","Other",45
2016,"Regional","8-16","Male","Pedal cyclist",227
2016,"Remote","0-7","Female","Car",9
2016,"Remote","0-7","Female","Motorcyclist",2
2016,"Remote","0-7","Female","Other",1
2016,"Remote","0-7","Female","Pedal cyclist",2
2016,"Remote","0-7","Male","Car",15
2016,"Remote","0-7","Male","Motorcyclist",1
2016,"Remote","0-7","Male","Other",4
2016,"Remote","0-7","Male","Pedal cyclist",7
2016,"Remote","17-25","Female","Car",68
2016,"Remote","17-25","Female","Heavy transport vehicle",1
2016,"Remote","17-25","Female","Motorcyclist",11
2016,"Remote","17-25","Female","Other",4
2016,"Remote","17-25","Female","Pedal cyclist",4
2016,"Remote","17-25","Male","Car",110
2016,"Remote","17-25","Male","Heavy transport vehicle",1
2016,"Remote","17-25","Male","Motorcyclist",77
2016,"Remote","17-25","Male","Other",9
2016,"Remote","17-25","Male","Pedal cyclist",5
2016,"Remote","26-39","Female","Car",78
2016,"Remote","26-39","Female","Motorcyclist",11
2016,"Remote","26-39","Female","Other",8
2016,"Remote","26-39","Female","Pedal cyclist",7
2016,"Remote","26-39","Male","Car",83
2016,"Remote","26-39","Male","Heavy transport vehicle",3
2016,"Remote","26-39","Male","Motorcyclist",62
2016,"Remote","26-39","Male","Other",19
2016,"Remote","26-39","Male","Pedal cyclist",10
2016,"Remote","40-64","Female","Car",74
2016,"Remote","40-64","Female","Heavy transport vehicle",1
2016,"Remote","40-64","Female","Motorcyclist",9
2016,"Remote","40-64","Female","Other",12
2016,"Remote","40-64","Female","Pedal cyclist",9
2016,"Remote","40-64","Male","Car",78
2016,"Remote","40-64","Male","Heavy transport vehicle",10
2016,"Remote","40-64","Male","Motorcyclist",60
2016,"Remote","40-64","Male","Other",19
2016,"Remote","40-64","Male","Pedal cyclist",15
2016,"Remote","65-74","Female","Car",13
2016,"Remote","65-74","Female","Motorcyclist",1
2016,"Remote","65-74","Female","Other",2
2016,"Remote","65-74","Female","Pedal cyclist",1
2016,"Remote","65-74","Male","Car",17
2016,"Remote","65-74","Male","Heavy transport vehicle",2
2016,"Remote","65-74","Male","Motorcyclist",2
2016,"Remote","65-74","Male","Other",1
2016,"Remote","65-74","Male","Pedal cyclist",4
2016,"Remote","75+","Female","Car",6
2016,"Remote","75+","Male","Car",13
2016,"Remote","75+","Male","Heavy transport vehicle",1
2016,"Remote","75+","Male","Other",3
2016,"Remote","75+","Male","Pedal cyclist",2
2016,"Remote","8-16","Female","Car",10
2016,"Remote","8-16","Female","Motorcyclist",6
2016,"Remote","8-16","Female","Other",4
2016,"Remote","8-16","Female","Pedal cyclist",7
2016,"Remote","8-16","Male","Car",33
2016,"Remote","8-16","Male","Motorcyclist",44
2016,"Remote","8-16","Male","Other",7
2016,"Remote","8-16","Male","Pedal cyclist",38
2017,"Major Cities","0-7","Female","Car",107
2017,"Major Cities","0-7","Female","Heavy transport vehicle",1
2017,"Major Cities","0-7","Female","Motorcyclist",5
2017,"Major Cities","0-7","Female","Other",36
2017,"Major Cities","0-7","Female","Pedal cyclist",39
2017,"Major Cities","0-7","Male","Car",97
2017,"Major Cities","0-7","Male","Motorcyclist",14
2017,"Major Cities","0-7","Male","Other",64
2017,"Major Cities","0-7","Male","Pedal cyclist",88
2017,"Major Cities","17-25","Female","Car",1527
2017,"Major Cities","17-25","Female","Heavy transport vehicle",3
2017,"Major Cities","17-25","Female","Motorcyclist",121
2017,"Major Cities","17-25","Female","Other",152
2017,"Major Cities","17-25","Female","Pedal cyclist",135
2017,"Major Cities","17-25","Male","Car",1398
2017,"Major Cities","17-25","Male","Heavy transport vehicle",31
2017,"Major Cities","17-25","Male","Motorcyclist",1231
2017,"Major Cities","17-25","Male","Other",210
2017,"Major Cities","17-25","Male","Pedal cyclist",459
2017,"Major Cities","26-39","Female","Car",1591
2017,"Major Cities","26-39","Female","Heavy transport vehicle",1
2017,"Major Cities","26-39","Female","Motorcyclist",156
2017,"Major Cities","26-39","Female","Other",181
2017,"Major Cities","26-39","Female","Pedal cyclist",292
2017,"Major Cities","26-39","Male","Car",1535
2017,"Major Cities","26-39","Male","Heavy transport vehicle",69
2017,"Major Cities","26-39","Male","Motorcyclist",1556
2017,"Major Cities","26-39","Male","Other",246
2017,"Major Cities","26-39","Male","Pedal cyclist",987
2017,"Major Cities","40-64","Female","Car",2008
2017,"Major Cities","40-64","Female","Heavy transport vehicle",5
2017,"Major Cities","40-64","Female","Motorcyclist",220
2017,"Major Cities","40-64","Female","Other",300
2017,"Major Cities","40-64","Female","Pedal cyclist",473
2017,"Major Cities","40-64","Male","Car",1580
2017,"Major Cities","40-64","Male","Heavy transport vehicle",115
2017,"Major Cities","40-64","Male","Motorcyclist",1860
2017,"Major Cities","40-64","Male","Other",378
2017,"Major Cities","40-64","Male","Pedal cyclist",1840
2017,"Major Cities","65-74","Female","Car",588
2017,"Major Cities","65-74","Female","Heavy transport vehicle",2
2017,"Major Cities","65-74","Female","Motorcyclist",21
2017,"Major Cities","65-74","Female","Other",133
2017,"Major Cities","65-74","Female","Pedal cyclist",84
2017,"Major Cities","65-74","Male","Car",380
2017,"Major Cities","65-74","Male","Heavy transport vehicle",9
2017,"Major Cities","65-74","Male","Motorcyclist",169
2017,"Major Cities","65-74","Male","Other",115
2017,"Major Cities","65-74","Male","Pedal cyclist",259
2017,"Major Cities","75+","Female","Car",628
2017,"Major Cities","75+","Female","Heavy transport vehicle",7
2017,"Major Cities","75+","Female","Motorcyclist",6
2017,"Major Cities","75+","Female","Other",184
2017,"Major Cities","75+","Female","Pedal cyclist",14
2017,"Major Cities","75+","Male","Car",494
2017,"Major Cities","75+","Male","Heavy transport vehicle",0
2017,"Major Cities","75+","Male","Motorcyclist",42
2017,"Major Cities","75+","Male","Other",150
2017,"Major Cities","75+","Male","Pedal cyclist",104
2017,"Major Cities","8-16","Female","Car",226
2017,"Major Cities","8-16","Female","Motorcyclist",21
2017,"Major Cities","8-16","Female","Other",101
2017,"Major Cities","8-16","Female","Pedal cyclist",96
2017,"Major Cities","8-16","Male","Car",183
2017,"Major Cities","8-16","Male","Heavy transport vehicle",1
2017,"Major Cities","8-16","Male","Motorcyclist",138
2017,"Major Cities","8-16","Male","Other",138
2017,"Major Cities","8-16","Male","Pedal cyclist",539
2017,"Regional","0-7","Female","Car",73
2017,"Regional","0-7","Female","Motorcyclist",4
2017,"Regional","0-7","Female","Other",14
2017,"Regional","0-7","Female","Pedal cyclist",19
2017,"Regional","0-7","Male","Car",69
2017,"Regional","0-7","Male","Motorcyclist",8
2017,"Regional","0-7","Male","Other",20
2017,"Regional","0-7","Male","Pedal cyclist",40
2017,"Regional","17-25","Female","Car",718
2017,"Regional","17-25","Female","Motorcyclist",53
2017,"Regional","17-25","Female","Other",29
2017,"Regional","17-25","Female","Pedal cyclist",23
2017,"Regional","17-25","Male","Car",837
2017,"Regional","17-25","Male","Heavy transport vehicle",23
2017,"Regional","17-25","Male","Motorcyclist",620
2017,"Regional","17-25","Male","Other",75
2017,"Regional","17-25","Male","Pedal cyclist",107
2017,"Regional","26-39","Female","Car",549
2017,"Regional","26-39","Female","Heavy transport vehicle",1
2017,"Regional","26-39","Female","Motorcyclist",56
2017,"Regional","26-39","Female","Other",30
2017,"Regional","26-39","Female","Pedal cyclist",41
2017,"Regional","26-39","Male","Car",629
2017,"Regional","26-39","Male","Heavy transport vehicle",42
2017,"Regional","26-39","Male","Motorcyclist",580
2017,"Regional","26-39","Male","Other",67
2017,"Regional","26-39","Male","Pedal cyclist",167
2017,"Regional","40-64","Female","Car",800
2017,"Regional","40-64","Female","Heavy transport vehicle",8
2017,"Regional","40-64","Female","Motorcyclist",112
2017,"Regional","40-64","Female","Other",72
2017,"Regional","40-64","Female","Pedal cyclist",138
2017,"Regional","40-64","Male","Car",809
2017,"Regional","40-64","Male","Heavy transport vehicle",152
2017,"Regional","40-64","Male","Motorcyclist",920
2017,"Regional","40-64","Male","Other",91
2017,"Regional","40-64","Male","Pedal cyclist",371
2017,"Regional","65-74","Female","Car",283
2017,"Regional","65-74","Female","Heavy transport vehicle",1
2017,"Regional","65-74","Female","Motorcyclist",12
2017,"Regional","65-74","Female","Other",44
2017,"Regional","65-74","Female","Pedal cyclist",33
2017,"Regional","65-74","Male","Car",237
2017,"Regional","65-74","Male","Heavy transport vehicle",27
2017,"Regional","65-74","Male","Motorcyclist",119
2017,"Regional","65-74","Male","Other",27
2017,"Regional","65-74","Male","Pedal cyclist",98
2017,"Regional","75+","Female","Car",295
2017,"Regional","75+","Female","Motorcyclist",3
2017,"Regional","75+","Female","Other",46
2017,"Regional","75+","Female","Pedal cyclist",6
2017,"Regional","75+","Male","Car",244
2017,"Regional","75+","Male","Heavy transport vehicle",0
2017,"Regional","75+","Male","Motorcyclist",31
2017,"Regional","75+","Male","Other",35
2017,"Regional","75+","Male","Pedal cyclist",30
2017,"Regional","8-16","Female","Car",136
2017,"Regional","8-16","Female","Heavy transport vehicle",1
2017,"Regional","8-16","Female","Motorcyclist",25
2017,"Regional","8-16","Female","Other",28
2017,"Regional","8-16","Female","Pedal cyclist",44
2017,"Regional","8-16","Male","Car",112
2017,"Regional","8-16","Male","Heavy transport vehicle",1
2017,"Regional","8-16","Male","Motorcyclist",204
2017,"Regional","8-16","Male","Other",47
2017,"Regional","8-16","Male","Pedal cyclist",275
2017,"Remote","0-7","Female","Car",8
2017,"Remote","0-7","Female","Motorcyclist",2
2017,"Remote","0-7","Female","Other",5
2017,"Remote","0-7","Male","Car",6
2017,"Remote","0-7","Male","Motorcyclist",2
2017,"Remote","0-7","Male","Other",1
2017,"Remote","0-7","Male","Pedal cyclist",4
2017,"Remote","17-25","Female","Car",68
2017,"Remote","17-25","Female","Heavy transport vehicle",1
2017,"Remote","17-25","Female","Motorcyclist",8
2017,"Remote","17-25","Female","Other",5
2017,"Remote","17-25","Male","Car",82
2017,"Remote","17-25","Male","Heavy transport vehicle",1
2017,"Remote","17-25","Male","Motorcyclist",68
2017,"Remote","17-25","Male","Other",11
2017,"Remote","17-25","Male","Pedal cyclist",8
2017,"Remote","26-39","Female","Car",46
2017,"Remote","26-39","Female","Motorcyclist",7
2017,"Remote","26-39","Female","Other",16
2017,"Remote","26-39","Female","Pedal cyclist",2
2017,"Remote","26-39","Male","Car",77
2017,"Remote","26-39","Male","Heavy transport vehicle",3
2017,"Remote","26-39","Male","Motorcyclist",64
2017,"Remote","26-39","Male","Other",16
2017,"Remote","26-39","Male","Pedal cyclist",11
2017,"Remote","40-64","Female","Car",55
2017,"Remote","40-64","Female","Heavy transport vehicle",2
2017,"Remote","40-64","Female","Motorcyclist",7
2017,"Remote","40-64","Female","Other",16
2017,"Remote","40-64","Female","Pedal cyclist",10
2017,"Remote","40-64","Male","Car",100
2017,"Remote","40-64","Male","Heavy transport vehicle",10
2017,"Remote","40-64","Male","Motorcyclist",60
2017,"Remote","40-64","Male","Other",26
2017,"Remote","40-64","Male","Pedal cyclist",22
2017,"Remote","65-74","Female","Car",9
2017,"Remote","65-74","Female","Motorcyclist",1
2017,"Remote","65-74","Female","Other",1
2017,"Remote","65-74","Male","Car",15
2017,"Remote","65-74","Male","Heavy transport vehicle",1
2017,"Remote","65-74","Male","Motorcyclist",7
2017,"Remote","65-74","Male","Other",3
2017,"Remote","65-74","Male","Pedal cyclist",2
2017,"Remote","75+","Female","Car",9
2017,"Remote","75+","Female","Other",4
2017,"Remote","75+","Male","Car",16
2017,"Remote","75+","Male","Motorcyclist",1
2017,"Remote","75+","Male","Other",3
2017,"Remote","8-16","Female","Car",18
2017,"Remote","8-16","Female","Motorcyclist",9
2017,"Remote","8-16","Female","Other",3
2017,"Remote","8-16","Female","Pedal cyclist",6
2017,"Remote","8-16","Male","Car",16
2017,"Remote","8-16","Male","Motorcyclist",44
2017,"Remote","8-16","Male","Other",1
2017,"Remote","8-16","Male","Pedal cyclist",27
2018,"Major Cities","0-7","Female","Car",92
2018,"Major Cities","0-7","Female","Motorcyclist",3
2018,"Major Cities","0-7","Female","Other",33
2018,"Major Cities","0-7","Female","Pedal cyclist",39
2018,"Major Cities","0-7","Male","Car",109
2018,"Major Cities","0-7","Male","Heavy transport vehicle",1
2018,"Major Cities","0-7","Male","Motorcyclist",11
2018,"Major Cities","0-7","Male","Other",65
2018,"Major Cities","0-7","Male","Pedal cyclist",79
2018,"Major Cities","17-25","Female","Car",1521
2018,"Major Cities","17-25","Female","Heavy transport vehicle",2
2018,"Major Cities","17-25","Female","Motorcyclist",119
2018,"Major Cities","17-25","Female","Other",135
2018,"Major Cities","17-25","Female","Pedal cyclist",115
2018,"Major Cities","17-25","Male","Car",1395
2018,"Major Cities","17-25","Male","Heavy transport vehicle",25
2018,"Major Cities","17-25","Male","Motorcyclist",1124
2018,"Major Cities","17-25","Male","Other",222
2018,"Major Cities","17-25","Male","Pedal cyclist",415
2018,"Major Cities","17-25","intersex or indeterminate or missing","Pedal cyclist",1
2018,"Major Cities","26-39","Female","Car",1604
2018,"Major Cities","26-39","Female","Heavy transport vehicle",9
2018,"Major Cities","26-39","Female","Motorcyclist",168
2018,"Major Cities","26-39","Female","Other",162
2018,"Major Cities","26-39","Female","Pedal cyclist",313
2018,"Major Cities","26-39","Male","Car",1550
2018,"Major Cities","26-39","Male","Heavy transport vehicle",69
2018,"Major Cities","26-39","Male","Motorcyclist",1514
2018,"Major Cities","26-39","Male","Other",254
2018,"Major Cities","26-39","Male","Pedal cyclist",910
2018,"Major Cities","40-64","Female","Car",1954
2018,"Major Cities","40-64","Female","Heavy transport vehicle",5
2018,"Major Cities","40-64","Female","Motorcyclist",240
2018,"Major Cities","40-64","Female","Other",268
2018,"Major Cities","40-64","Female","Pedal cyclist",466
2018,"Major Cities","40-64","Male","Car",1616
2018,"Major Cities","40-64","Male","Heavy transport vehicle",126
2018,"Major Cities","40-64","Male","Motorcyclist",1834
2018,"Major Cities","40-64","Male","Other",336
2018,"Major Cities","40-64","Male","Pedal cyclist",1849
2018,"Major Cities","65-74","Female","Car",654
2018,"Major Cities","65-74","Female","Motorcyclist",20
2018,"Major Cities","65-74","Female","Other",131
2018,"Major Cities","65-74","Female","Pedal cyclist",65
2018,"Major Cities","65-74","Male","Car",401
2018,"Major Cities","65-74","Male","Heavy transport vehicle",8
2018,"Major Cities","65-74","Male","Motorcyclist",194
2018,"Major Cities","65-74","Male","Other",126
2018,"Major Cities","65-74","Male","Pedal cyclist",286
2018,"Major Cities","75+","Female","Car",720
2018,"Major Cities","75+","Female","Heavy transport vehicle",2
2018,"Major Cities","75+","Female","Motorcyclist",4
2018,"Major Cities","75+","Female","Other",192
2018,"Major Cities","75+","Female","Pedal cyclist",19
2018,"Major Cities","75+","Male","Car",507
2018,"Major Cities","75+","Male","Heavy transport vehicle",1
2018,"Major Cities","75+","Male","Motorcyclist",47
2018,"Major Cities","75+","Male","Other",146
2018,"Major Cities","75+","Male","Pedal cyclist",125
2018,"Major Cities","8-16","Female","Car",213
2018,"Major Cities","8-16","Female","Motorcyclist",24
2018,"Major Cities","8-16","Female","Other",93
2018,"Major Cities","8-16","Female","Pedal cyclist",98
2018,"Major Cities","8-16","Male","Car",194
2018,"Major Cities","8-16","Male","Heavy transport vehicle",3
2018,"Major Cities","8-16","Male","Motorcyclist",120
2018,"Major Cities","8-16","Male","Other",126
2018,"Major Cities","8-16","Male","Pedal cyclist",540
2018,"Regional","0-7","Female","Car",68
2018,"Regional","0-7","Female","Heavy transport vehicle",1
2018,"Regional","0-7","Female","Motorcyclist",4
2018,"Regional","0-7","Female","Other",14
2018,"Regional","0-7","Female","Pedal cyclist",19
2018,"Regional","0-7","Male","Car",70
2018,"Regional","0-7","Male","Heavy transport vehicle",1
2018,"Regional","0-7","Male","Motorcyclist",13
2018,"Regional","0-7","Male","Other",16
2018,"Regional","0-7","Male","Pedal cyclist",36
2018,"Regional","17-25","Female","Car",705
2018,"Regional","17-25","Female","Heavy transport vehicle",5
2018,"Regional","17-25","Female","Motorcyclist",49
2018,"Regional","17-25","Female","Other",30
2018,"Regional","17-25","Female","Pedal cyclist",21
2018,"Regional","17-25","Male","Car",869
2018,"Regional","17-25","Male","Heavy transport vehicle",26
2018,"Regional","17-25","Male","Motorcyclist",579
2018,"Regional","17-25","Male","Other",74
2018,"Regional","17-25","Male","Pedal cyclist",100
2018,"Regional","26-39","Female","Car",580
2018,"Regional","26-39","Female","Heavy transport vehicle",4
2018,"Regional","26-39","Female","Motorcyclist",65
2018,"Regional","26-39","Female","Other",45
2018,"Regional","26-39","Female","Pedal cyclist",47
2018,"Regional","26-39","Male","Car",656
2018,"Regional","26-39","Male","Heavy transport vehicle",42
2018,"Regional","26-39","Male","Motorcyclist",632
2018,"Regional","26-39","Male","Other",77
2018,"Regional","26-39","Male","Pedal cyclist",174
2018,"Regional","40-64","Female","Car",822
2018,"Regional","40-64","Female","Heavy transport vehicle",3
2018,"Regional","40-64","Female","Motorcyclist",116
2018,"Regional","40-64","Female","Other",79
2018,"Regional","40-64","Female","Pedal cyclist",148
2018,"Regional","40-64","Male","Car",820
2018,"Regional","40-64","Male","Heavy transport vehicle",149
2018,"Regional","40-64","Male","Motorcyclist",956
2018,"Regional","40-64","Male","Other",138
2018,"Regional","40-64","Male","Pedal cyclist",356
2018,"Regional","40-64","intersex or indeterminate or missing","Pedal cyclist",1
2018,"Regional","65-74","Female","Car",262
2018,"Regional","65-74","Female","Heavy transport vehicle",1
2018,"Regional","65-74","Female","Motorcyclist",5
2018,"Regional","65-74","Female","Other",34
2018,"Regional","65-74","Female","Pedal cyclist",29
2018,"Regional","65-74","Male","Car",240
2018,"Regional","65-74","Male","Heavy transport vehicle",21
2018,"Regional","65-74","Male","Motorcyclist",121
2018,"Regional","65-74","Male","Other",23
2018,"Regional","65-74","Male","Pedal cyclist",115
2018,"Regional","75+","Female","Car",285
2018,"Regional","75+","Female","Other",35
2018,"Regional","75+","Female","Pedal cyclist",7
2018,"Regional","75+","Male","Car",264
2018,"Regional","75+","Male","Heavy transport vehicle",7
2018,"Regional","75+","Male","Motorcyclist",31
2018,"Regional","75+","Male","Other",35
2018,"Regional","75+","Male","Pedal cyclist",38
2018,"Regional","8-16","Female","Car",155
2018,"Regional","8-16","Female","Motorcyclist",23
2018,"Regional","8-16","Female","Other",27
2018,"Regional","8-16","Female","Pedal cyclist",43
2018,"Regional","8-16","Male","Car",136
2018,"Regional","8-16","Male","Heavy transport vehicle",3
2018,"Regional","8-16","Male","Motorcyclist",175
2018,"Regional","8-16","Male","Other",45
2018,"Regional","8-16","Male","Pedal cyclist",233
2018,"Remote","0-7","Female","Car",11
2018,"Remote","0-7","Female","Pedal cyclist",3
2018,"Remote","0-7","Male","Car",8
2018,"Remote","0-7","Male","Heavy transport vehicle",1
2018,"Remote","0-7","Male","Motorcyclist",3
2018,"Remote","0-7","Male","Other",2
2018,"Remote","0-7","Male","Pedal cyclist",4
2018,"Remote","17-25","Female","Car",104
2018,"Remote","17-25","Female","Motorcyclist",5
2018,"Remote","17-25","Female","Other",6
2018,"Remote","17-25","Female","Pedal cyclist",4
2018,"Remote","17-25","Male","Car",113
2018,"Remote","17-25","Male","Heavy transport vehicle",5
2018,"Remote","17-25","Male","Motorcyclist",57
2018,"Remote","17-25","Male","Other",9
2018,"Remote","17-25","Male","Pedal cyclist",4
2018,"Remote","26-39","Female","Car",106
2018,"Remote","26-39","Female","Heavy transport vehicle",2
2018,"Remote","26-39","Female","Motorcyclist",5
2018,"Remote","26-39","Female","Other",11
2018,"Remote","26-39","Female","Pedal cyclist",5
2018,"Remote","26-39","Male","Car",110
2018,"Remote","26-39","Male","Heavy transport vehicle",5
2018,"Remote","26-39","Male","Motorcyclist",68
2018,"Remote","26-39","Male","Other",14
2018,"Remote","26-39","Male","Pedal cyclist",12
2018,"Remote","40-64","Female","Car",60
2018,"Remote","40-64","Female","Heavy transport vehicle",1
2018,"Remote","40-64","Female","Motorcyclist",8
2018,"Remote","40-64","Female","Other",18
2018,"Remote","40-64","Female","Pedal cyclist",12
2018,"Remote","40-64","Male","Car",95
2018,"Remote","40-64","Male","Heavy transport vehicle",14
2018,"Remote","40-64","Male","Motorcyclist",66
2018,"Remote","40-64","Male","Other",13
2018,"Remote","40-64","Male","Pedal cyclist",7
2018,"Remote","65-74","Female","Car",14
2018,"Remote","65-74","Female","Pedal cyclist",1
2018,"Remote","65-74","Male","Car",21
2018,"Remote","65-74","Male","Motorcyclist",7
2018,"Remote","65-74","Male","Other",2
2018,"Remote","65-74","Male","Pedal cyclist",3
2018,"Remote","75+","Female","Car",6
2018,"Remote","75+","Female","Other",1
2018,"Remote","75+","Male","Car",10
2018,"Remote","75+","Male","Heavy transport vehicle",1
2018,"Remote","75+","Male","Motorcyclist",3
2018,"Remote","75+","Male","Pedal cyclist",2
2018,"Remote","8-16","Female","Car",24
2018,"Remote","8-16","Female","Motorcyclist",4
2018,"Remote","8-16","Female","Other",3
2018,"Remote","8-16","Female","Pedal cyclist",2
2018,"Remote","8-16","Male","Car",35
2018,"Remote","8-16","Male","Motorcyclist",30
2018,"Remote","8-16","Male","Other",4
2018,"Remote","8-16","Male","Pedal cyclist",24
2019,"Major Cities","0-7","Female","Car",97
2019,"Major Cities","0-7","Female","Motorcyclist",3
2019,"Major Cities","0-7","Female","Other",36
2019,"Major Cities","0-7","Female","Pedal cyclist",42
2019,"Major Cities","0-7","Male","Car",103
2019,"Major Cities","0-7","Male","Motorcyclist",7
2019,"Major Cities","0-7","Male","Other",52
2019,"Major Cities","0-7","Male","Pedal cyclist",86
2019,"Major Cities","17-25","Female","Car",1406
2019,"Major Cities","17-25","Female","Heavy transport vehicle",6
2019,"Major Cities","17-25","Female","Motorcyclist",141
2019,"Major Cities","17-25","Female","Other",127
2019,"Major Cities","17-25","Female","Pedal cyclist",110
2019,"Major Cities","17-25","Male","Car",1255
2019,"Major Cities","17-25","Male","Heavy transport vehicle",26
2019,"Major Cities","17-25","Male","Motorcyclist",1210
2019,"Major Cities","17-25","Male","Other",229
2019,"Major Cities","17-25","Male","Pedal cyclist",420
2019,"Major Cities","26-39","Female","Car",1702
2019,"Major Cities","26-39","Female","Heavy transport vehicle",5
2019,"Major Cities","26-39","Female","Motorcyclist",178
2019,"Major Cities","26-39","Female","Other",169
2019,"Major Cities","26-39","Female","Pedal cyclist",288
2019,"Major Cities","26-39","Male","Car",1422
2019,"Major Cities","26-39","Male","Heavy transport vehicle",73
2019,"Major Cities","26-39","Male","Motorcyclist",1542
2019,"Major Cities","26-39","Male","Other",276
2019,"Major Cities","26-39","Male","Pedal cyclist",971
2019,"Major Cities","40-64","Female","Car",2063
2019,"Major Cities","40-64","Female","Heavy transport vehicle",8
2019,"Major Cities","40-64","Female","Motorcyclist",257
2019,"Major Cities","40-64","Female","Other",302
2019,"Major Cities","40-64","Female","Pedal cyclist",470
2019,"Major Cities","40-64","Male","Car",1570
2019,"Major Cities","40-64","Male","Heavy transport vehicle",128
2019,"Major Cities","40-64","Male","Motorcyclist",1854
2019,"Major Cities","40-64","Male","Other",356
2019,"Major Cities","40-64","Male","Pedal cyclist",1924
2019,"Major Cities","40-64","intersex or indeterminate or missing","Car",1
2019,"Major Cities","65-74","Female","Car",650
2019,"Major Cities","65-74","Female","Heavy transport vehicle",3
2019,"Major Cities","65-74","Female","Motorcyclist",20
2019,"Major Cities","65-74","Female","Other",153
2019,"Major Cities","65-74","Female","Pedal cyclist",94
2019,"Major Cities","65-74","Male","Car",428
2019,"Major Cities","65-74","Male","Heavy transport vehicle",11
2019,"Major Cities","65-74","Male","Motorcyclist",194
2019,"Major Cities","65-74","Male","Other",116
2019,"Major Cities","65-74","Male","Pedal cyclist",333
2019,"Major Cities","75+","Female","Car",685
2019,"Major Cities","75+","Female","Heavy transport vehicle",1
2019,"Major Cities","75+","Female","Motorcyclist",6
2019,"Major Cities","75+","Female","Other",181
2019,"Major Cities","75+","Female","Pedal cyclist",18
2019,"Major Cities","75+","Male","Car",562
2019,"Major Cities","75+","Male","Heavy transport vehicle",3
2019,"Major Cities","75+","Male","Motorcyclist",52
2019,"Major Cities","75+","Male","Other",159
2019,"Major Cities","75+","Male","Pedal cyclist",113
2019,"Major Cities","8-16","Female","Car",222
2019,"Major Cities","8-16","Female","Motorcyclist",20
2019,"Major Cities","8-16","Female","Other",83
2019,"Major Cities","8-16","Female","Pedal cyclist",101
2019,"Major Cities","8-16","Male","Car",159
2019,"Major Cities","8-16","Male","Motorcyclist",158
2019,"Major Cities","8-16","Male","Other",140
2019,"Major Cities","8-16","Male","Pedal cyclist",588
2019,"Regional","0-7","Female","Car",43
2019,"Regional","0-7","Female","Motorcyclist",5
2019,"Regional","0-7","Female","Other",7
2019,"Regional","0-7","Female","Pedal cyclist",24
2019,"Regional","0-7","Male","Car",54
2019,"Regional","0-7","Male","Motorcyclist",16
2019,"Regional","0-7","Male","Other",23
2019,"Regional","0-7","Male","Pedal cyclist",42
2019,"Regional","17-25","Female","Car",689
2019,"Regional","17-25","Female","Motorcyclist",50
2019,"Regional","17-25","Female","Other",35
2019,"Regional","17-25","Female","Pedal cyclist",10
2019,"Regional","17-25","Male","Car",798
2019,"Regional","17-25","Male","Heavy transport vehicle",10
2019,"Regional","17-25","Male","Motorcyclist",592
2019,"Regional","17-25","Male","Other",62
2019,"Regional","17-25","Male","Pedal cyclist",107
2019,"Regional","26-39","Female","Car",559
2019,"Regional","26-39","Female","Heavy transport vehicle",3
2019,"Regional","26-39","Female","Motorcyclist",64
2019,"Regional","26-39","Female","Other",35
2019,"Regional","26-39","Female","Pedal cyclist",51
2019,"Regional","26-39","Male","Car",625
2019,"Regional","26-39","Male","Heavy transport vehicle",44
2019,"Regional","26-39","Male","Motorcyclist",538
2019,"Regional","26-39","Male","Other",83
2019,"Regional","26-39","Male","Pedal cyclist",168
2019,"Regional","40-64","Female","Car",866
2019,"Regional","40-64","Female","Heavy transport vehicle",5
2019,"Regional","40-64","Female","Motorcyclist",124
2019,"Regional","40-64","Female","Other",69
2019,"Regional","40-64","Female","Pedal cyclist",124
2019,"Regional","40-64","Male","Car",765
2019,"Regional","40-64","Male","Heavy transport vehicle",148
2019,"Regional","40-64","Male","Motorcyclist",938
2019,"Regional","40-64","Male","Other",102
2019,"Regional","40-64","Male","Pedal cyclist",406
2019,"Regional","65-74","Female","Car",311
2019,"Regional","65-74","Female","Heavy transport vehicle",1
2019,"Regional","65-74","Female","Motorcyclist",12
2019,"Regional","65-74","Female","Other",38
2019,"Regional","65-74","Female","Pedal cyclist",32
2019,"Regional","65-74","Male","Car",240
2019,"Regional","65-74","Male","Heavy transport vehicle",15
2019,"Regional","65-74","Male","Motorcyclist",147
2019,"Regional","65-74","Male","Other",30
2019,"Regional","65-74","Male","Pedal cyclist",99
2019,"Regional","75+","Female","Car",341
2019,"Regional","75+","Female","Heavy transport vehicle",1
2019,"Regional","75+","Female","Motorcyclist",3
2019,"Regional","75+","Female","Other",40
2019,"Regional","75+","Female","Pedal cyclist",9
2019,"Regional","75+","Male","Car",263
2019,"Regional","75+","Male","Heavy transport vehicle",5
2019,"Regional","75+","Male","Motorcyclist",67
2019,"Regional","75+","Male","Other",30
2019,"Regional","75+","Male","Pedal cyclist",34
2019,"Regional","8-16","Female","Car",123
2019,"Regional","8-16","Female","Motorcyclist",31
2019,"Regional","8-16","Female","Other",24
2019,"Regional","8-16","Female","Pedal cyclist",48
2019,"Regional","8-16","Male","Car",114
2019,"Regional","8-16","Male","Heavy transport vehicle",2
2019,"Regional","8-16","Male","Motorcyclist",191
2019,"Regional","8-16","Male","Other",39
2019,"Regional","8-16","Male","Pedal cyclist",267
2019,"Remote","0-7","Female","Car",15
2019,"Remote","0-7","Female","Pedal cyclist",4
2019,"Remote","0-7","Male","Car",6
2019,"Remote","0-7","Male","Motorcyclist",3
2019,"Remote","0-7","Male","Other",6
2019,"Remote","0-7","Male","Pedal cyclist",5
2019,"Remote","17-25","Female","Car",82
2019,"Remote","17-25","Female","Heavy transport vehicle",1
2019,"Remote","17-25","Female","Motorcyclist",4
2019,"Remote","17-25","Female","Other",2
2019,"Remote","17-25","Female","Pedal cyclist",3
2019,"Remote","17-25","Male","Car",104
2019,"Remote","17-25","Male","Heavy transport vehicle",1
2019,"Remote","17-25","Male","Motorcyclist",63
2019,"Remote","17-25","Male","Other",8
2019,"Remote","17-25","Male","Pedal cyclist",10
2019,"Remote","26-39","Female","Car",86
2019,"Remote","26-39","Female","Motorcyclist",7
2019,"Remote","26-39","Female","Other",3
2019,"Remote","26-39","Female","Pedal cyclist",9
2019,"Remote","26-39","Male","Car",78
2019,"Remote","26-39","Male","Heavy transport vehicle",3
2019,"Remote","26-39","Male","Motorcyclist",55
2019,"Remote","26-39","Male","Other",21
2019,"Remote","26-39","Male","Pedal cyclist",8
2019,"Remote","40-64","Female","Car",72
2019,"Remote","40-64","Female","Heavy transport vehicle",2
2019,"Remote","40-64","Female","Motorcyclist",5
2019,"Remote","40-64","Female","Other",15
2019,"Remote","40-64","Female","Pedal cyclist",10
2019,"Remote","40-64","Male","Car",77
2019,"Remote","40-64","Male","Heavy transport vehicle",8
2019,"Remote","40-64","Male","Motorcyclist",53
2019,"Remote","40-64","Male","Other",18
2019,"Remote","40-64","Male","Pedal cyclist",19
2019,"Remote","65-74","Female","Car",13
2019,"Remote","65-74","Female","Other",3
2019,"Remote","65-74","Female","Pedal cyclist",1
2019,"Remote","65-74","Male","Car",13
2019,"Remote","65-74","Male","Heavy transport vehicle",2
2019,"Remote","65-74","Male","Motorcyclist",7
2019,"Remote","65-74","Male","Other",2
2019,"Remote","65-74","Male","Pedal cyclist",2
2019,"Remote","75+","Female","Car",11
2019,"Remote","75+","Male","Car",14
2019,"Remote","75+","Male","Motorcyclist",2
2019,"Remote","75+","Male","Pedal cyclist",1
2019,"Remote","8-16","Female","Car",22
2019,"Remote","8-16","Female","Motorcyclist",5
2019,"Remote","8-16","Female","Other",2
2019,"Remote","8-16","Female","Pedal cyclist",7
2019,"Remote","8-16","Male","Car",22
2019,"Remote","8-16","Male","Motorcyclist",52
2019,"Remote","8-16","Male","Other",5
2019,"Remote","8-16","Male","Pedal cyclist",26
2020,"Major Cities","0-7","Female","Car",100
2020,"Major Cities","0-7","Female","Motorcyclist",2
2020,"Major Cities","0-7","Female","Other",24
2020,"Major Cities","0-7","Female","Pedal cyclist",70
2020,"Major Cities","0-7","Male","Car",77
2020,"Major Cities","0-7","Male","Motorcyclist",5
2020,"Major Cities","0-7","Male","Other",55
2020,"Major Cities","0-7","Male","Pedal cyclist",119
2020,"Major Cities","17-25","Female","Car",1325
2020,"Major Cities","17-25","Female","Motorcyclist",120
2020,"Major Cities","17-25","Female","Other",101
2020,"Major Cities","17-25","Female","Pedal cyclist",125
2020,"Major Cities","17-25","Male","Car",1323
2020,"Major Cities","17-25","Male","Heavy transport vehicle",13
2020,"Major Cities","17-25","Male","Motorcyclist",1125
2020,"Major Cities","17-25","Male","Other",169
2020,"Major Cities","17-25","Male","Pedal cyclist",454
2020,"Major Cities","17-25","intersex or indeterminate or missing","Pedal cyclist",1
2020,"Major Cities","26-39","Female","Car",1379
2020,"Major Cities","26-39","Female","Heavy transport vehicle",6
2020,"Major Cities","26-39","Female","Motorcyclist",151
2020,"Major Cities","26-39","Female","Other",126
2020,"Major Cities","26-39","Female","Pedal cyclist",328
2020,"Major Cities","26-39","Male","Car",1400
2020,"Major Cities","26-39","Male","Heavy transport vehicle",73
2020,"Major Cities","26-39","Male","Motorcyclist",1460
2020,"Major Cities","26-39","Male","Other",169
2020,"Major Cities","26-39","Male","Pedal cyclist",995
2020,"Major Cities","26-39","intersex or indeterminate or missing","Car",2
2020,"Major Cities","40-64","Female","Car",1612
2020,"Major Cities","40-64","Female","Heavy transport vehicle",4
2020,"Major Cities","40-64","Female","Motorcyclist",229
2020,"Major Cities","40-64","Female","Other",211
2020,"Major Cities","40-64","Female","Pedal cyclist",606
2020,"Major Cities","40-64","Male","Car",1459
2020,"Major Cities","40-64","Male","Heavy transport vehicle",109
2020,"Major Cities","40-64","Male","Motorcyclist",1730
2020,"Major Cities","40-64","Male","Other",301
2020,"Major Cities","40-64","Male","Pedal cyclist",2068
2020,"Major Cities","65-74","Female","Car",501
2020,"Major Cities","65-74","Female","Heavy transport vehicle",3
2020,"Major Cities","65-74","Female","Motorcyclist",25
2020,"Major Cities","65-74","Female","Other",100
2020,"Major Cities","65-74","Female","Pedal cyclist",141
2020,"Major Cities","65-74","Male","Car",360
2020,"Major Cities","65-74","Male","Heavy transport vehicle",10
2020,"Major Cities","65-74","Male","Motorcyclist",189
2020,"Major Cities","65-74","Male","Other",100
2020,"Major Cities","65-74","Male","Pedal cyclist",381
2020,"Major Cities","65-74","intersex or indeterminate or missing","Other",1
2020,"Major Cities","75+","Female","Car",509
2020,"Major Cities","75+","Female","Motorcyclist",4
2020,"Major Cities","75+","Female","Other",128
2020,"Major Cities","75+","Female","Pedal cyclist",19
2020,"Major Cities","75+","Male","Car",491
2020,"Major Cities","75+","Male","Heavy transport vehicle",1
2020,"Major Cities","75+","Male","Motorcyclist",39
2020,"Major Cities","75+","Male","Other",105
2020,"Major Cities","75+","Male","Pedal cyclist",149
2020,"Major Cities","8-16","Female","Car",179
2020,"Major Cities","8-16","Female","Motorcyclist",22
2020,"Major Cities","8-16","Female","Other",87
2020,"Major Cities","8-16","Female","Pedal cyclist",153
2020,"Major Cities","8-16","Male","Car",171
2020,"Major Cities","8-16","Male","Motorcyclist",164
2020,"Major Cities","8-16","Male","Other",113
2020,"Major Cities","8-16","Male","Pedal cyclist",814
2020,"Regional","0-7","Female","Car",52
2020,"Regional","0-7","Female","Heavy transport vehicle",1
2020,"Regional","0-7","Female","Motorcyclist",5
2020,"Regional","0-7","Female","Other",9
2020,"Regional","0-7","Female","Pedal cyclist",27
2020,"Regional","0-7","Male","Car",61
2020,"Regional","0-7","Male","Motorcyclist",12
2020,"Regional","0-7","Male","Other",11
2020,"Regional","0-7","Male","Pedal cyclist",35
2020,"Regional","17-25","Female","Car",680
2020,"Regional","17-25","Female","Heavy transport vehicle",2
2020,"Regional","17-25","Female","Motorcyclist",61
2020,"Regional","17-25","Female","Other",38
2020,"Regional","17-25","Female","Pedal cyclist",33
2020,"Regional","17-25","Male","Car",844
2020,"Regional","17-25","Male","Heavy transport vehicle",16
2020,"Regional","17-25","Male","Motorcyclist",620
2020,"Regional","17-25","Male","Other",89
2020,"Regional","17-25","Male","Pedal cyclist",107
2020,"Regional","26-39","Female","Car",562
2020,"Regional","26-39","Female","Heavy transport vehicle",4
2020,"Regional","26-39","Female","Motorcyclist",67
2020,"Regional","26-39","Female","Other",29
2020,"Regional","26-39","Female","Pedal cyclist",56
2020,"Regional","26-39","Male","Car",635
2020,"Regional","26-39","Male","Heavy transport vehicle",62
2020,"Regional","26-39","Male","Motorcyclist",677
2020,"Regional","26-39","Male","Other",97
2020,"Regional","26-39","Male","Pedal cyclist",188
2020,"Regional","26-39","intersex or indeterminate or missing","Car",1
2020,"Regional","40-64","Female","Car",705
2020,"Regional","40-64","Female","Heavy transport vehicle",8
2020,"Regional","40-64","Female","Motorcyclist",123
2020,"Regional","40-64","Female","Other",64
2020,"Regional","40-64","Female","Pedal cyclist",172
2020,"Regional","40-64","Male","Car",739
2020,"Regional","40-64","Male","Heavy transport vehicle",134
2020,"Regional","40-64","Male","Motorcyclist",893
2020,"Regional","40-64","Male","Other",105
2020,"Regional","40-64","Male","Pedal cyclist",418
2020,"Regional","65-74","Female","Car",235
2020,"Regional","65-74","Female","Heavy transport vehicle",1
2020,"Regional","65-74","Female","Motorcyclist",15
2020,"Regional","65-74","Female","Other",30
2020,"Regional","65-74","Female","Pedal cyclist",46
2020,"Regional","65-74","Male","Car",208
2020,"Regional","65-74","Male","Heavy transport vehicle",19
2020,"Regional","65-74","Male","Motorcyclist",142
2020,"Regional","65-74","Male","Other",31
2020,"Regional","65-74","Male","Pedal cyclist",109
2020,"Regional","75+","Female","Car",256
2020,"Regional","75+","Female","Motorcyclist",1
2020,"Regional","75+","Female","Other",26
2020,"Regional","75+","Female","Pedal cyclist",16
2020,"Regional","75+","Male","Car",222
2020,"Regional","75+","Male","Heavy transport vehicle",4
2020,"Regional","75+","Male","Motorcyclist",30
2020,"Regional","75+","Male","Other",31
2020,"Regional","75+","Male","Pedal cyclist",64
2020,"Regional","8-16","Female","Car",124
2020,"Regional","8-16","Female","Heavy transport vehicle",1
2020,"Regional","8-16","Female","Motorcyclist",36
2020,"Regional","8-16","Female","Other",26
2020,"Regional","8-16","Female","Pedal cyclist",69
2020,"Regional","8-16","Male","Car",115
2020,"Regional","8-16","Male","Heavy transport vehicle",1
2020,"Regional","8-16","Male","Motorcyclist",248
2020,"Regional","8-16","Male","Other",29
2020,"Regional","8-16","Male","Pedal cyclist",278
2020,"Remote","0-7","Female","Car",2
2020,"Remote","0-7","Female","Heavy transport vehicle",1
2020,"Remote","0-7","Female","Motorcyclist",3
2020,"Remote","0-7","Male","Car",12
2020,"Remote","0-7","Male","Motorcyclist",5
2020,"Remote","0-7","Male","Other",1
2020,"Remote","0-7","Male","Pedal cyclist",7
2020,"Remote","17-25","Female","Car",59
2020,"Remote","17-25","Female","Motorcyclist",8
2020,"Remote","17-25","Female","Other",8
2020,"Remote","17-25","Male","Car",124
2020,"Remote","17-25","Male","Heavy transport vehicle",1
2020,"Remote","17-25","Male","Motorcyclist",83
2020,"Remote","17-25","Male","Other",9
2020,"Remote","17-25","Male","Pedal cyclist",3
2020,"Remote","17-25","intersex or indeterminate or missing","Car",1
2020,"Remote","26-39","Female","Car",59
2020,"Remote","26-39","Female","Motorcyclist",6
2020,"Remote","26-39","Female","Other",10
2020,"Remote","26-39","Female","Pedal cyclist",2
2020,"Remote","26-39","Male","Car",120
2020,"Remote","26-39","Male","Heavy transport vehicle",2
2020,"Remote","26-39","Male","Motorcyclist",72
2020,"Remote","26-39","Male","Other",15
2020,"Remote","26-39","Male","Pedal cyclist",12
2020,"Remote","40-64","Female","Car",58
2020,"Remote","40-64","Female","Motorcyclist",14
2020,"Remote","40-64","Female","Other",13
2020,"Remote","40-64","Female","Pedal cyclist",7
2020,"Remote","40-64","Male","Car",111
2020,"Remote","40-64","Male","Heavy transport vehicle",16
2020,"Remote","40-64","Male","Motorcyclist",53
2020,"Remote","40-64","Male","Other",21
2020,"Remote","40-64","Male","Pedal cyclist",20
2020,"Remote","65-74","Female","Car",8
2020,"Remote","65-74","Female","Other",4
2020,"Remote","65-74","Female","Pedal cyclist",3
2020,"Remote","65-74","Male","Car",15
2020,"Remote","65-74","Male","Heavy transport vehicle",3
2020,"Remote","65-74","Male","Motorcyclist",6
2020,"Remote","65-74","Male","Other",5
2020,"Remote","65-74","Male","Pedal cyclist",7
2020,"Remote","75+","Female","Car",4
2020,"Remote","75+","Female","Other",0
2020,"Remote","75+","Male","Car",12
2020,"Remote","75+","Male","Motorcyclist",1
2020,"Remote","75+","Male","Other",2
2020,"Remote","75+","Male","Pedal cyclist",3
2020,"Remote","8-16","Female","Car",15
2020,"Remote","8-16","Female","Motorcyclist",7
2020,"Remote","8-16","Female","Other",1
2020,"Remote","8-16","Female","Pedal cyclist",7
2020,"Remote","8-16","Male","Car",12
2020,"Remote","8-16","Male","Motorcyclist",57
2020,"Remote","8-16","Male","Other",2
2020,"Remote","8-16","Male","Pedal cyclist",22
2021,"Major Cities","0-7","Female","Car",99
2021,"Major Cities","0-7","Female","Motorcyclist",1
2021,"Major Cities","0-7","Female","Other",25
2021,"Major Cities","0-7","Female","Pedal cyclist",62
2021,"Major Cities","0-7","Male","Car",85
2021,"Major Cities","0-7","Male","Motorcyclist",9
2021,"Major Cities","0-7","Male","Other",63
2021,"Major Cities","0-7","Male","Pedal cyclist",100
2021,"Major Cities","17-25","Female","Car",1437
2021,"Major Cities","17-25","Female","Heavy transport vehicle",4
2021,"Major Cities","17-25","Female","Motorcyclist",107
2021,"Major Cities","17-25","Female","Other",92
2021,"Major Cities","17-25","Female","Pedal cyclist",114
2021,"Major Cities","17-25","Male","Car",1304
2021,"Major Cities","17-25","Male","Heavy transport vehicle",30
2021,"Major Cities","17-25","Male","Motorcyclist",1127
2021,"Major Cities","17-25","Male","Other",199
2021,"Major Cities","17-25","Male","Pedal cyclist",451
2021,"Major Cities","17-25","intersex or indeterminate or missing","Pedal cyclist",1
2021,"Major Cities","26-39","Female","Car",1676
2021,"Major Cities","26-39","Female","Heavy transport vehicle",3
2021,"Major Cities","26-39","Female","Motorcyclist",189
2021,"Major Cities","26-39","Female","Other",155
2021,"Major Cities","26-39","Female","Pedal cyclist",290
2021,"Major Cities","26-39","Male","Car",1407
2021,"Major Cities","26-39","Male","Heavy transport vehicle",65
2021,"Major Cities","26-39","Male","Motorcyclist",1473
2021,"Major Cities","26-39","Male","Other",227
2021,"Major Cities","26-39","Male","Pedal cyclist",954
2021,"Major Cities","40-64","Female","Car",1890
2021,"Major Cities","40-64","Female","Heavy transport vehicle",9
2021,"Major Cities","40-64","Female","Motorcyclist",270
2021,"Major Cities","40-64","Female","Other",236
2021,"Major Cities","40-64","Female","Pedal cyclist",594
2021,"Major Cities","40-64","Male","Car",1521
2021,"Major Cities","40-64","Male","Heavy transport vehicle",114
2021,"Major Cities","40-64","Male","Motorcyclist",1821
2021,"Major Cities","40-64","Male","Other",305
2021,"Major Cities","40-64","Male","Pedal cyclist",2119
2021,"Major Cities","65-74","Female","Car",576
2021,"Major Cities","65-74","Female","Heavy transport vehicle",2
2021,"Major Cities","65-74","Female","Motorcyclist",16
2021,"Major Cities","65-74","Female","Other",122
2021,"Major Cities","65-74","Female","Pedal cyclist",120
2021,"Major Cities","65-74","Male","Car",380
2021,"Major Cities","65-74","Male","Heavy transport vehicle",17
2021,"Major Cities","65-74","Male","Motorcyclist",233
2021,"Major Cities","65-74","Male","Other",110
2021,"Major Cities","65-74","Male","Pedal cyclist",434
2021,"Major Cities","75+","Female","Car",638
2021,"Major Cities","75+","Female","Heavy transport vehicle",1
2021,"Major Cities","75+","Female","Motorcyclist",6
2021,"Major Cities","75+","Female","Other",137
2021,"Major Cities","75+","Female","Pedal cyclist",18
2021,"Major Cities","75+","Male","Car",485
2021,"Major Cities","75+","Male","Heavy transport vehicle",5
2021,"Major Cities","75+","Male","Motorcyclist",59
2021,"Major Cities","75+","Male","Other",128
2021,"Major Cities","75+","Male","Pedal cyclist",191
2021,"Major Cities","8-16","Female","Car",205
2021,"Major Cities","8-16","Female","Heavy transport vehicle",1
2021,"Major Cities","8-16","Female","Motorcyclist",23
2021,"Major Cities","8-16","Female","Other",83
2021,"Major Cities","8-16","Female","Pedal cyclist",100
2021,"Major Cities","8-16","Male","Car",186
2021,"Major Cities","8-16","Male","Motorcyclist",185
2021,"Major Cities","8-16","Male","Other",133
2021,"Major Cities","8-16","Male","Pedal cyclist",764
2021,"Regional","0-7","Female","Car",50
2021,"Regional","0-7","Female","Heavy transport vehicle",1
2021,"Regional","0-7","Female","Motorcyclist",4
2021,"Regional","0-7","Female","Other",10
2021,"Regional","0-7","Female","Pedal cyclist",15
2021,"Regional","0-7","Male","Car",56
2021,"Regional","0-7","Male","Motorcyclist",17
2021,"Regional","0-7","Male","Other",24
2021,"Regional","0-7","Male","Pedal cyclist",31
2021,"Regional","17-25","Female","Car",735
2021,"Regional","17-25","Female","Heavy transport vehicle",2
2021,"Regional","17-25","Female","Motorcyclist",52
2021,"Regional","17-25","Female","Other",27
2021,"Regional","17-25","Female","Pedal cyclist",19
2021,"Regional","17-25","Male","Car",910
2021,"Regional","17-25","Male","Heavy transport vehicle",9
2021,"Regional","17-25","Male","Motorcyclist",589
2021,"Regional","17-25","Male","Other",86
2021,"Regional","17-25","Male","Pedal cyclist",114
2021,"Regional","26-39","Female","Car",569
2021,"Regional","26-39","Female","Heavy transport vehicle",2
2021,"Regional","26-39","Female","Motorcyclist",71
2021,"Regional","26-39","Female","Other",30
2021,"Regional","26-39","Female","Pedal cyclist",49
2021,"Regional","26-39","Male","Car",664
2021,"Regional","26-39","Male","Heavy transport vehicle",59
2021,"Regional","26-39","Male","Motorcyclist",602
2021,"Regional","26-39","Male","Other",85
2021,"Regional","26-39","Male","Pedal cyclist",176
2021,"Regional","40-64","Female","Car",781
2021,"Regional","40-64","Female","Heavy transport vehicle",4
2021,"Regional","40-64","Female","Motorcyclist",138
2021,"Regional","40-64","Female","Other",65
2021,"Regional","40-64","Female","Pedal cyclist",174
2021,"Regional","40-64","Male","Car",781
2021,"Regional","40-64","Male","Heavy transport vehicle",105
2021,"Regional","40-64","Male","Motorcyclist",948
2021,"Regional","40-64","Male","Other",118
2021,"Regional","40-64","Male","Pedal cyclist",446
2021,"Regional","65-74","Female","Car",240
2021,"Regional","65-74","Female","Heavy transport vehicle",1
2021,"Regional","65-74","Female","Motorcyclist",14
2021,"Regional","65-74","Female","Other",30
2021,"Regional","65-74","Female","Pedal cyclist",47
2021,"Regional","65-74","Male","Car",223
2021,"Regional","65-74","Male","Heavy transport vehicle",18
2021,"Regional","65-74","Male","Motorcyclist",133
2021,"Regional","65-74","Male","Other",37
2021,"Regional","65-74","Male","Pedal cyclist",145
2021,"Regional","75+","Female","Car",271
2021,"Regional","75+","Female","Motorcyclist",4
2021,"Regional","75+","Female","Other",25
2021,"Regional","75+","Female","Pedal cyclist",12
2021,"Regional","75+","Male","Car",256
2021,"Regional","75+","Male","Heavy transport vehicle",4
2021,"Regional","75+","Male","Motorcyclist",41
2021,"Regional","75+","Male","Other",40
2021,"Regional","75+","Male","Pedal cyclist",61
2021,"Regional","8-16","Female","Car",118
2021,"Regional","8-16","Female","Motorcyclist",41
2021,"Regional","8-16","Female","Other",22
2021,"Regional","8-16","Female","Pedal cyclist",66
2021,"Regional","8-16","Male","Car",130
2021,"Regional","8-16","Male","Heavy transport vehicle",2
2021,"Regional","8-16","Male","Motorcyclist",266
2021,"Regional","8-16","Male","Other",53
2021,"Regional","8-16","Male","Pedal cyclist",290
2021,"Remote","0-7","Female","Car",8
2021,"Remote","0-7","Female","Motorcyclist",1
2021,"Remote","0-7","Female","Other",4
2021,"Remote","0-7","Female","Pedal cyclist",3
2021,"Remote","0-7","Male","Car",5
2021,"Remote","0-7","Male","Motorcyclist",4
2021,"Remote","0-7","Male","Other",3
2021,"Remote","0-7","Male","Pedal cyclist",6
2021,"Remote","17-25","Female","Car",80
2021,"Remote","17-25","Female","Motorcyclist",10
2021,"Remote","17-25","Female","Other",13
2021,"Remote","17-25","Female","Pedal cyclist",1
2021,"Remote","17-25","Male","Car",110
2021,"Remote","17-25","Male","Motorcyclist",66
2021,"Remote","17-25","Male","Other",20
2021,"Remote","17-25","Male","Pedal cyclist",5
2021,"Remote","26-39","Female","Car",56
2021,"Remote","26-39","Female","Heavy transport vehicle",1
2021,"Remote","26-39","Female","Motorcyclist",11
2021,"Remote","26-39","Female","Other",10
2021,"Remote","26-39","Female","Pedal cyclist",2
2021,"Remote","26-39","Male","Car",94
2021,"Remote","26-39","Male","Heavy transport vehicle",2
2021,"Remote","26-39","Male","Motorcyclist",74
2021,"Remote","26-39","Male","Other",18
2021,"Remote","26-39","Male","Pedal cyclist",8
2021,"Remote","40-64","Female","Car",56
2021,"Remote","40-64","Female","Motorcyclist",8
2021,"Remote","40-64","Female","Other",8
2021,"Remote","40-64","Female","Pedal cyclist",8
2021,"Remote","40-64","Male","Car",102
2021,"Remote","40-64","Male","Heavy transport vehicle",7
2021,"Remote","40-64","Male","Motorcyclist",49
2021,"Remote","40-64","Male","Other",17
2021,"Remote","40-64","Male","Pedal cyclist",18
2021,"Remote","65-74","Female","Car",13
2021,"Remote","65-74","Female","Motorcyclist",2
2021,"Remote","65-74","Female","Other",2
2021,"Remote","65-74","Female","Pedal cyclist",1
2021,"Remote","65-74","Male","Car",24
2021,"Remote","65-74","Male","Heavy transport vehicle",1
2021,"Remote","65-74","Male","Motorcyclist",4
2021,"Remote","65-74","Male","Pedal cyclist",1
2021,"Remote","75+","Female","Car",10
2021,"Remote","75+","Male","Car",8
2021,"Remote","75+","Male","Motorcyclist",2
2021,"Remote","75+","Male","Other",1
2021,"Remote","75+","Male","Pedal cyclist",2
2021,"Remote","8-16","Female","Car",11
2021,"Remote","8-16","Female","Motorcyclist",4
2021,"Remote","8-16","Female","Other",5
2021,"Remote","8-16","Female","Pedal cyclist",7
2021,"Remote","8-16","Male","Car",25
2021,"Remote","8-16","Male","Motorcyclist",55
2021,"Remote","8-16","Male","Other",3
2021,"Remote","8-16","Male","Pedal cyclist",21
